idlojista,DtCriacaoProtocolo,DtFechamentoProtocolo,QtProtocolo,VrTotalProtocolo,VrTotalProtocoloAbsoluto,QtProtocoloAberto,QtProtocoloFechado,QtProtocoloSemResposta24Horas,QtProtocoloSemResposta48Horas,QtProtocoloReclamacao,QtProtocoloAbertoReclamacao,VrTotalProtocoloReclamacao,VrTotalProtocoloReclamacaoAbsoluto,QtTotalRecontato,QtTotalCanalEspecial,QtTotalFilaMarketPlace,QtTotalFilaLojista,TxReclamacao,DhAtualizacao,year_partition,month_partition,day_partition
30976,2020-08-18,2020-09-09,3,-1043.79,1717.03,0,3,0,0,2,0,-327.29,1000.53,7,0,1,0,0.6667,2020-10-05T17:00:34.520+0000,2020,08,18
30976,2020-09-10,2020-09-22,12,2194.51,4359.47,0,12,0,0,5,0,2185.08,2185.08,3,1,7,1,0.4167,2020-10-05T17:00:34.520+0000,2020,09,10
30976,2020-09-06,2020-09-14,1,275.22,275.22,0,1,0,0,1,0,275.22,275.22,1,1,0,1,1,2020-10-05T17:00:34.520+0000,2020,09,06
30976,2020-09-18,2020-09-23,9,3758.83,3758.83,0,9,0,0,9,0,3758.83,3758.83,6,0,7,1,1,2020-10-05T17:00:34.520+0000,2020,09,18
30976,2020-07-30,2020-09-12,1,-267.27,267.27,0,1,0,0,1,0,-267.27,267.27,3,1,0,0,1,2020-10-05T17:00:34.520+0000,2020,07,30
30976,2020-09-18,2020-09-21,4,352.95,732.57,0,4,0,0,4,0,352.95,732.57,0,1,2,1,1,2020-10-05T17:00:34.520+0000,2020,09,18
30976,2020-08-08,2020-09-04,1,-354.7,354.7,0,1,0,0,0,0,0,0,0,0,0,0,0,2020-10-05T17:00:34.520+0000,2020,08,08
30976,2020-09-08,2020-09-25,3,-3303.47,3959.27,0,3,0,0,1,0,-3211.98,3211.98,13,0,1,0,0.3333,2020-10-05T17:00:34.520+0000,2020,09,08
30976,2020-08-14,2020-08-15,1,394.07,394.07,0,1,0,0,1,0,394.07,394.07,4,0,0,1,1,2020-10-05T17:00:34.520+0000,2020,08,14
30976,2020-09-17,2020-09-25,9,1943.35,2451.15,0,9,0,0,5,0,1651.64,1651.64,5,0,6,2,0.5556,2020-10-05T17:00:34.520+0000,2020,09,17
30976,2020-08-27,2020-08-28,1,2098.13,2098.13,0,1,0,0,1,0,2098.13,2098.13,4,1,0,1,1,2020-10-05T17:00:34.520+0000,2020,08,27
30976,2020-08-18,2020-08-20,1,-171.73,171.73,0,1,0,0,1,0,-171.73,171.73,1,0,0,0,1,2020-10-05T17:00:34.520+0000,2020,08,18
30976,2020-09-07,2020-09-30,1,-281.71,281.71,0,1,0,0,1,0,-281.71,281.71,0,0,0,0,1,2020-10-05T17:00:34.520+0000,2020,09,07
30976,2020-09-15,2020-09-28,4,1096.32,1096.32,0,4,0,0,3,0,649.39,649.39,7,0,4,0,0.75,2020-10-05T17:00:34.520+0000,2020,09,15
30976,2020-09-23,2020-09-25,4,515,1224.4,0,4,0,0,4,0,515,1224.4,0,1,1,1,1,2020-10-05T17:00:34.520+0000,2020,09,23
30976,2020-08-17,2020-09-04,2,-26.22,1070.02,0,2,0,0,1,0,521.9,521.9,3,0,1,0,0.5,2020-10-05T17:00:34.520+0000,2020,08,17
30976,2020-08-27,2020-09-16,3,-220.64,1839.12,0,3,0,0,3,0,-220.64,1839.12,8,0,1,0,1,2020-10-05T17:00:34.520+0000,2020,08,27
30976,2020-09-01,2020-09-18,10,-2379.41,3090.83,0,10,0,0,4,0,-143.44,854.86,12,0,3,0,0.4,2020-10-05T17:00:34.520+0000,2020,09,01
30976,2020-09-05,2020-09-18,4,4145.23,4385.03,0,4,0,0,3,0,4265.13,4265.13,5,0,4,0,0.75,2020-10-05T17:00:34.520+0000,2020,09,05
30976,2020-08-17,2020-09-09,2,-956.24,956.24,0,2,0,0,1,0,-741.86,741.86,2,0,0,0,0.5,2020-10-05T17:00:34.520+0000,2020,08,17
30976,2020-08-28,2020-09-09,1,114.64,114.64,0,1,0,0,0,0,0,0,3,0,0,1,0,2020-10-05T17:00:34.520+0000,2020,08,28
30976,2020-08-30,2020-09-08,1,335.05,335.05,0,1,0,0,1,0,335.05,335.05,2,0,1,0,1,2020-10-05T17:00:34.520+0000,2020,08,30
30976,2020-09-02,2020-09-24,2,-2.41,1387.81,0,2,0,0,2,0,-2.41,1387.81,5,0,1,0,1,2020-10-05T17:00:34.520+0000,2020,09,02
30976,2020-08-13,2020-09-09,2,-50,936.92,0,2,0,0,2,0,-50,936.92,3,0,1,0,1,2020-10-05T17:00:34.520+0000,2020,08,13
30976,2020-07-10,2020-09-17,1,-87.19,87.19,0,1,0,0,1,0,-87.19,87.19,11,1,0,0,1,2020-10-05T17:00:34.520+0000,2020,07,10
30976,2020-08-19,2020-09-15,2,147.25,944.03,0,2,0,0,2,0,147.25,944.03,7,0,1,0,1,2020-10-05T17:00:34.520+0000,2020,08,19
30976,2020-08-17,2020-09-19,1,-567.15,567.15,0,1,0,0,1,0,-567.15,567.15,4,0,0,0,1,2020-10-05T17:00:34.520+0000,2020,08,17
30976,2020-09-08,2020-09-29,1,64.14,64.14,0,1,0,0,0,0,0,0,0,0,1,0,0,2020-10-05T17:00:34.520+0000,2020,09,08
30976,2020-08-31,2020-09-11,3,1250.44,1250.44,0,3,0,0,0,0,0,0,2,0,2,0,0,2020-10-05T17:00:34.520+0000,2020,08,31
30976,2020-08-29,2020-09-14,4,1286.29,1286.29,0,4,0,0,3,0,836.39,836.39,1,0,2,0,0.75,2020-10-05T17:00:34.520+0000,2020,08,29
30976,2020-09-01,2020-09-23,6,-662.75,1672.91,0,6,0,0,5,0,-252.85,1263.01,5,0,1,0,0.8333,2020-10-05T17:00:34.520+0000,2020,09,01
30976,2020-08-29,2020-09-10,5,1164.43,1743.93,0,5,0,0,0,0,0,0,9,0,3,0,0,2020-10-05T17:00:34.520+0000,2020,08,29
30976,2020-07-27,2020-09-16,1,-422.9,422.9,0,1,0,0,1,0,-422.9,422.9,6,0,0,0,1,2020-10-05T17:00:34.520+0000,2020,07,27
30976,2020-08-30,2020-09-10,1,-117.95,117.95,0,1,0,0,0,0,0,0,2,0,0,0,0,2020-10-05T17:00:34.520+0000,2020,08,30
30976,2020-09-24,2020-09-24,75,23217.93,39514.09,0,75,0,0,19,0,4445.14,8767.06,0,5,0,0,0.2533,2020-10-05T17:00:34.520+0000,2020,09,24
30976,2020-08-22,2020-08-26,1,-216.81,216.81,0,1,0,0,1,0,-216.81,216.81,3,0,1,0,1,2020-10-05T17:00:34.520+0000,2020,08,22
30976,2020-09-19,null,2,1004.24,1004.24,2,0,2,1,1,1,278.52,278.52,4,0,0,2,0.5,2020-10-05T17:00:34.520+0000,2020,09,19
30976,2020-09-02,2020-09-02,59,16028.17,29636.23,0,59,0,0,10,0,4769.15,4769.15,0,1,1,0,0.1695,2020-10-05T17:00:34.520+0000,2020,09,02
30976,2020-09-13,2020-09-22,2,-1244.98,1244.98,0,2,0,0,1,0,-486.78,486.78,4,0,0,0,0.5,2020-10-05T17:00:34.520+0000,2020,09,13
30976,2020-08-14,2020-09-14,1,-568.64,568.64,0,1,0,0,0,0,0,0,3,1,0,0,0,2020-10-05T17:00:34.520+0000,2020,08,14
30976,2020-09-03,2020-09-04,2,2083.45,2083.45,0,2,0,0,1,0,1283.56,1283.56,0,0,1,0,0.5,2020-10-05T17:00:34.520+0000,2020,09,03
30976,2020-09-10,2020-09-30,3,610.51,610.51,0,3,0,0,3,0,610.51,610.51,1,0,0,1,1,2020-10-05T17:00:34.520+0000,2020,09,10
30976,2020-09-27,2020-09-29,1,-642.61,642.61,0,1,0,0,1,0,-642.61,642.61,0,1,0,0,1,2020-10-05T17:00:34.520+0000,2020,09,27
30976,2020-08-18,2020-09-04,1,-514.19,514.19,0,1,0,0,0,0,0,0,0,0,0,0,0,2020-10-05T17:00:34.520+0000,2020,08,18
30976,2020-07-31,2020-09-04,1,600.35,600.35,0,1,0,0,0,0,0,0,1,0,1,0,0,2020-10-05T17:00:34.520+0000,2020,07,31
30976,2020-09-10,2020-09-17,2,-1180.5,1180.5,0,2,0,0,1,0,-868.6,868.6,2,0,0,0,0.5,2020-10-05T17:00:34.520+0000,2020,09,10
30976,2020-08-05,2020-09-18,1,-74.53,74.53,0,1,0,0,0,0,0,0,1,0,0,0,0,2020-10-05T17:00:34.520+0000,2020,08,05
30976,2020-09-10,2020-09-11,2,807.59,2165.75,0,2,0,0,0,0,0,0,0,0,0,0,0,2020-10-05T17:00:34.520+0000,2020,09,10
30976,2020-08-08,2020-09-13,1,-373.82,373.82,0,1,0,0,1,0,-373.82,373.82,3,0,0,0,1,2020-10-05T17:00:34.520+0000,2020,08,08
30976,2020-09-10,2020-09-24,5,2455.29,3543.09,0,5,0,0,3,0,1792.92,2880.72,9,1,3,0,0.6,2020-10-05T17:00:34.520+0000,2020,09,10
30976,2020-09-18,2020-09-24,17,-818.23,4500.33,0,17,0,0,8,0,1198.44,2483.66,7,2,6,0,0.4706,2020-10-05T17:00:34.520+0000,2020,09,18
30976,2020-09-01,2020-09-26,2,-451.94,451.94,0,2,0,0,2,0,-451.94,451.94,5,0,0,0,1,2020-10-05T17:00:34.520+0000,2020,09,01
30976,2020-08-24,2020-09-01,2,1204.95,1204.95,0,2,0,0,0,0,0,0,0,0,2,0,0,2020-10-05T17:00:34.520+0000,2020,08,24
30976,2020-08-31,2020-09-03,6,2352.14,2352.14,0,6,0,0,3,0,1298.47,1298.47,2,0,2,1,0.5,2020-10-05T17:00:34.520+0000,2020,08,31
30976,2020-09-01,2020-09-08,2,985.47,985.47,0,2,0,0,2,0,985.47,985.47,0,0,0,2,1,2020-10-05T17:00:34.520+0000,2020,09,01
30976,2020-09-06,2020-09-15,1,557.08,557.08,0,1,0,0,1,0,557.08,557.08,3,0,1,0,1,2020-10-05T17:00:34.520+0000,2020,09,06
30976,2020-08-10,2020-08-12,1,159.09,159.09,0,1,0,0,1,0,159.09,159.09,1,0,0,1,1,2020-10-05T17:00:34.520+0000,2020,08,10
30976,2020-07-30,2020-09-23,1,-484.9,484.9,0,1,0,0,1,0,-484.9,484.9,5,0,0,0,1,2020-10-05T17:00:34.520+0000,2020,07,30
30976,2020-08-17,2020-09-18,2,-784.97,784.97,0,2,0,0,0,0,0,0,3,0,0,0,0,2020-10-05T17:00:34.520+0000,2020,08,17
30976,2020-08-28,2020-09-03,1,77.54,77.54,0,1,0,0,1,0,77.54,77.54,2,0,0,1,1,2020-10-05T17:00:34.520+0000,2020,08,28
30976,2020-09-22,2020-09-24,3,1044.86,1529.32,0,3,0,0,3,0,1044.86,1529.32,1,0,2,0,1,2020-10-05T17:00:34.520+0000,2020,09,22
30976,2020-09-07,2020-09-26,1,-691.16,691.16,0,1,0,0,1,0,-691.16,691.16,0,1,0,0,1,2020-10-05T17:00:34.520+0000,2020,09,07
30976,2020-09-22,2020-09-26,9,-115.69,3385.71,0,9,0,0,6,0,409.22,2318.26,7,1,2,2,0.6667,2020-10-05T17:00:34.520+0000,2020,09,22
30976,2020-08-07,2020-08-24,1,70.23,70.23,0,1,0,0,1,0,70.23,70.23,2,0,1,0,1,2020-10-05T17:00:34.520+0000,2020,08,07
30976,2020-09-17,2020-09-20,1,2027.53,2027.53,0,1,0,0,1,0,2027.53,2027.53,0,1,0,0,1,2020-10-05T17:00:34.520+0000,2020,09,17
30976,2020-08-29,2020-09-18,3,279.98,515.82,0,3,0,0,1,0,108,108,2,0,2,0,0.3333,2020-10-05T17:00:34.520+0000,2020,08,29
30976,2020-08-16,2020-09-08,1,66.9,66.9,0,1,0,0,1,0,66.9,66.9,0,0,1,0,1,2020-10-05T17:00:34.520+0000,2020,08,16
30976,2020-09-08,2020-09-14,1,366.93,366.93,0,1,0,0,1,0,366.93,366.93,1,0,0,1,1,2020-10-05T17:00:34.520+0000,2020,09,08
30976,2020-08-28,2020-09-14,2,725.4,725.4,0,2,0,0,1,0,310.48,310.48,0,0,2,0,0.5,2020-10-05T17:00:34.520+0000,2020,08,28
30976,2020-09-26,2020-09-26,14,4345.31,5936.29,0,14,0,0,0,0,0,0,0,0,0,0,0,2020-10-05T17:00:34.520+0000,2020,09,26
30976,2020-07-08,2020-08-01,1,458.36,458.36,0,1,0,0,1,0,458.36,458.36,2,0,1,0,1,2020-10-05T17:00:34.520+0000,2020,07,08
30976,2020-09-12,2020-09-22,6,-542.88,1097.42,0,6,0,0,4,0,-316.19,870.73,5,0,1,0,0.6667,2020-10-05T17:00:34.520+0000,2020,09,12
30976,2020-08-22,2020-09-18,2,-308.96,308.96,0,2,0,0,0,0,0,0,4,0,0,0,0,2020-10-05T17:00:34.520+0000,2020,08,22
30976,2020-08-25,2020-09-25,1,-162.84,162.84,0,1,0,0,1,0,-162.84,162.84,5,1,0,0,1,2020-10-05T17:00:34.520+0000,2020,08,25
30976,2020-08-11,2020-08-29,1,-167.14,167.14,0,1,0,0,1,0,-167.14,167.14,5,1,0,0,1,2020-10-05T17:00:34.520+0000,2020,08,11
30976,2020-09-01,2020-09-07,1,917.28,917.28,0,1,0,0,1,0,917.28,917.28,0,1,0,0,1,2020-10-05T17:00:34.520+0000,2020,09,01
30976,2020-06-10,2020-06-27,1,303.04,303.04,0,1,0,0,1,0,303.04,303.04,1,0,1,0,1,2020-10-05T17:00:34.520+0000,2020,06,10
30976,2020-09-15,null,1,495.15,495.15,1,0,1,0,0,0,0,0,2,0,0,1,0,2020-10-05T17:00:34.520+0000,2020,09,15
30976,2020-09-17,2020-09-29,1,294.3,294.3,0,1,0,0,0,0,0,0,1,0,1,0,0,2020-10-05T17:00:34.520+0000,2020,09,17
30976,2020-09-04,2020-09-23,5,1970.34,2324.62,0,5,0,0,4,0,1631.06,1985.34,17,0,4,0,0.8,2020-10-05T17:00:34.520+0000,2020,09,04
30976,2020-07-15,2020-09-15,1,-140.99,140.99,0,1,0,0,1,0,-140.99,140.99,2,1,0,0,1,2020-10-05T17:00:34.520+0000,2020,07,15
30976,2020-08-13,2020-09-04,3,1241.25,1241.25,0,3,0,0,2,0,920.72,920.72,6,0,3,0,0.6667,2020-10-05T17:00:34.520+0000,2020,08,13
30976,2020-09-11,2020-09-28,1,444.78,444.78,0,1,0,0,1,0,444.78,444.78,1,0,1,0,1,2020-10-05T17:00:34.520+0000,2020,09,11
30976,2020-09-09,2020-09-14,2,-51.33,165.57,0,2,0,0,1,0,57.12,57.12,0,0,1,0,0.5,2020-10-05T17:00:34.520+0000,2020,09,09
30976,2020-09-09,2020-09-26,2,-698.43,698.43,0,2,0,0,2,0,-698.43,698.43,1,1,0,0,1,2020-10-05T17:00:34.520+0000,2020,09,09
30976,2020-09-10,2020-09-26,8,-1138.01,4783.23,0,8,0,0,4,0,-405.33,4050.55,15,0,1,0,0.5,2020-10-05T17:00:34.520+0000,2020,09,10
30976,2020-08-11,2020-09-17,1,259.53,259.53,0,1,0,0,1,0,259.53,259.53,3,1,0,0,1,2020-10-05T17:00:34.520+0000,2020,08,11
30976,2020-08-20,2020-09-09,3,-887.04,1158.78,0,3,0,0,2,0,-979.94,1065.88,11,0,2,0,0.6667,2020-10-05T17:00:34.520+0000,2020,08,20
30976,2020-09-01,2020-09-10,1,-99.05,99.05,0,1,0,0,1,0,-99.05,99.05,0,1,0,0,1,2020-10-05T17:00:34.520+0000,2020,09,01
30976,2020-08-27,2020-09-08,1,148.91,148.91,0,1,0,0,1,0,148.91,148.91,1,0,1,0,1,2020-10-05T17:00:34.520+0000,2020,08,27
30976,2020-09-11,2020-09-23,11,2102.58,3026.76,0,11,0,0,6,0,2469.83,2469.83,12,0,6,1,0.5455,2020-10-05T17:00:34.520+0000,2020,09,11
30976,2020-09-02,2020-09-03,4,2158.78,2158.78,0,4,0,0,1,0,363.21,363.21,0,0,0,1,0.25,2020-10-05T17:00:34.520+0000,2020,09,02
30976,2020-08-25,2020-09-18,1,-1125.56,1125.56,0,1,0,0,0,0,0,0,3,0,0,0,0,2020-10-05T17:00:34.520+0000,2020,08,25
30976,2020-08-27,2020-09-15,3,377.86,969.14,0,3,0,0,3,0,377.86,969.14,12,0,1,0,1,2020-10-05T17:00:34.520+0000,2020,08,27
30976,2020-08-18,2020-09-18,4,-1617.61,1617.61,0,4,0,0,1,0,-498.48,498.48,5,0,1,0,0.25,2020-10-05T17:00:34.520+0000,2020,08,18
30976,2020-09-08,2020-09-27,1,-804.29,804.29,0,1,0,0,0,0,0,0,1,0,0,0,0,2020-10-05T17:00:34.520+0000,2020,09,08
30976,2020-07-21,2020-08-15,1,-61.32,61.32,0,1,0,0,0,0,0,0,0,0,1,0,0,2020-10-05T17:00:34.520+0000,2020,07,21
30976,2020-07-17,2020-08-03,1,59.82,59.82,0,1,0,0,1,0,59.82,59.82,0,0,1,0,1,2020-10-05T17:00:34.520+0000,2020,07,17
30976,2020-08-10,2020-09-26,1,-310.9,310.9,0,1,0,0,0,0,0,0,0,1,0,0,0,2020-10-05T17:00:34.520+0000,2020,08,10
30976,2020-09-26,2020-09-30,1,268.9,268.9,0,1,0,0,1,0,268.9,268.9,0,0,0,1,1,2020-10-05T17:00:34.520+0000,2020,09,26
30976,2020-08-20,2020-09-10,2,213.69,213.69,0,2,0,0,1,0,180.58,180.58,6,0,2,0,0.5,2020-10-05T17:00:34.520+0000,2020,08,20
30976,2020-08-18,2020-09-22,1,-215.9,215.9,0,1,0,0,1,0,-215.9,215.9,0,0,0,0,1,2020-10-05T17:00:34.520+0000,2020,08,18
30976,2020-09-16,2020-09-30,4,-1223.43,2854.67,0,4,0,0,3,0,-1761.78,2316.32,5,0,2,0,0.75,2020-10-05T17:00:34.520+0000,2020,09,16
30976,2020-08-26,2020-09-03,2,-538.98,538.98,0,2,0,0,1,0,-261.08,261.08,0,0,0,0,0.5,2020-10-05T17:00:34.520+0000,2020,08,26
30976,2020-08-17,2020-09-10,2,-893.02,1516.82,0,2,0,0,1,0,-1204.92,1204.92,2,0,1,0,0.5,2020-10-05T17:00:34.520+0000,2020,08,17
30976,2020-09-02,2020-09-27,1,-848.84,848.84,0,1,0,0,0,0,0,0,1,0,0,0,0,2020-10-05T17:00:34.520+0000,2020,09,02
30976,2020-07-31,2020-09-17,1,-308.59,308.59,0,1,0,0,0,0,0,0,2,0,1,0,0,2020-10-05T17:00:34.520+0000,2020,07,31
30976,2020-07-30,2020-08-24,1,634.9,634.9,0,1,0,0,0,0,0,0,4,0,1,0,0,2020-10-05T17:00:34.520+0000,2020,07,30
30976,2020-07-16,2020-09-23,1,-1440.91,1440.91,0,1,0,0,0,0,0,0,1,0,0,0,0,2020-10-05T17:00:34.520+0000,2020,07,16
30976,2020-08-20,2020-09-03,4,457.42,918.54,0,4,0,0,0,0,0,0,1,0,2,0,0,2020-10-05T17:00:34.520+0000,2020,08,20
30976,2020-08-21,2020-09-15,1,-1343.05,1343.05,0,1,0,0,0,0,0,0,4,0,1,0,0,2020-10-05T17:00:34.520+0000,2020,08,21
30976,2020-09-14,2020-09-17,2,218.79,435.69,0,2,0,0,2,0,218.79,435.69,2,0,0,1,1,2020-10-05T17:00:34.520+0000,2020,09,14
30976,2020-08-25,2020-09-17,3,-389.1,503.04,0,3,0,0,1,0,-369.12,369.12,14,1,1,0,0.3333,2020-10-05T17:00:34.520+0000,2020,08,25
30976,2020-09-02,2020-09-16,4,1310.68,1552.22,0,4,0,0,3,0,1431.45,1431.45,8,0,2,0,0.75,2020-10-05T17:00:34.520+0000,2020,09,02
30976,2020-08-19,2020-09-09,4,264.91,513.91,0,4,0,0,2,0,43.16,155.1,3,0,1,0,0.5,2020-10-05T17:00:34.520+0000,2020,08,19
30976,2020-09-04,2020-09-11,2,68.42,770.36,0,2,0,0,0,0,0,0,2,0,1,0,0,2020-10-05T17:00:34.520+0000,2020,09,04
30976,2020-09-20,2020-09-24,1,525.55,525.55,0,1,0,0,1,0,525.55,525.55,1,0,1,0,1,2020-10-05T17:00:34.520+0000,2020,09,20
30976,2020-08-25,2020-09-27,1,-804.29,804.29,0,1,0,0,1,0,-804.29,804.29,2,0,0,0,1,2020-10-05T17:00:34.520+0000,2020,08,25
30976,2020-08-06,2020-09-11,1,-259.57,259.57,0,1,0,0,1,0,-259.57,259.57,2,0,0,0,1,2020-10-05T17:00:34.520+0000,2020,08,06
30976,2020-08-19,2020-09-13,1,-105.63,105.63,0,1,0,0,1,0,-105.63,105.63,1,1,0,0,1,2020-10-05T17:00:34.520+0000,2020,08,19
30976,2020-09-11,2020-09-16,3,366.44,2092.4,0,3,0,0,2,0,703.06,1755.78,1,1,0,1,0.6667,2020-10-05T17:00:34.520+0000,2020,09,11
30976,2020-09-08,2020-09-24,3,1528.02,1528.02,0,3,0,0,3,0,1528.02,1528.02,3,0,3,0,1,2020-10-05T17:00:34.520+0000,2020,09,08
30976,2020-08-18,2020-09-02,3,-576.59,576.59,0,3,0,0,0,0,0,0,5,0,0,0,0,2020-10-05T17:00:34.520+0000,2020,08,18
30976,2020-09-22,2020-09-30,10,4158.15,4158.15,0,10,0,0,7,0,3700.28,3700.28,3,0,10,0,0.7,2020-10-05T17:00:34.520+0000,2020,09,22
30976,2020-09-14,2020-09-18,2,330.61,330.61,0,2,0,0,2,0,330.61,330.61,2,1,0,1,1,2020-10-05T17:00:34.520+0000,2020,09,14
30976,2020-09-07,2020-09-19,3,981.83,1474.85,0,3,0,0,3,0,981.83,1474.85,10,0,0,1,1,2020-10-05T17:00:34.520+0000,2020,09,07
30976,2020-09-09,2020-09-18,3,599.7,974.34,0,3,0,0,0,0,0,0,1,0,2,0,0,2020-10-05T17:00:34.520+0000,2020,09,09
30976,2020-08-27,2020-09-21,1,160.57,160.57,0,1,0,0,1,0,160.57,160.57,2,0,1,0,1,2020-10-05T17:00:34.520+0000,2020,08,27
30976,2020-09-10,2020-09-19,4,1065.64,1504.22,0,4,0,0,2,0,365.78,804.36,5,0,2,0,0.5,2020-10-05T17:00:34.520+0000,2020,09,10
30976,2020-08-15,2020-09-02,2,-810.55,810.55,0,2,0,0,1,0,-771.32,771.32,1,0,0,0,0.5,2020-10-05T17:00:34.520+0000,2020,08,15
30976,2020-08-12,2020-09-11,1,-271.27,271.27,0,1,0,0,1,0,-271.27,271.27,0,0,0,0,1,2020-10-05T17:00:34.520+0000,2020,08,12
30976,2020-08-11,2020-09-16,1,399.94,399.94,0,1,0,0,1,0,399.94,399.94,0,1,0,0,1,2020-10-05T17:00:34.520+0000,2020,08,11
30976,2020-09-07,null,2,887.88,1147.92,2,0,2,2,1,1,-130.02,130.02,1,0,0,1,0.5,2020-10-05T17:00:34.520+0000,2020,09,07
30976,2020-08-13,2020-09-02,1,-131.53,131.53,0,1,0,0,0,0,0,0,0,0,0,0,0,2020-10-05T17:00:34.520+0000,2020,08,13
30976,2020-08-21,2020-09-03,1,273.18,273.18,0,1,0,0,1,0,273.18,273.18,0,0,1,0,1,2020-10-05T17:00:34.520+0000,2020,08,21
30976,2020-09-26,null,6,346.22,690.7,6,0,6,4,1,1,94.94,94.94,2,0,0,4,0.1667,2020-10-05T17:00:34.520+0000,2020,09,26
30976,2020-09-05,2020-09-16,1,105.75,105.75,0,1,0,0,1,0,105.75,105.75,1,0,1,0,1,2020-10-05T17:00:34.520+0000,2020,09,05
30976,2020-08-31,2020-09-01,1,1157.21,1157.21,0,1,0,0,0,0,0,0,0,0,0,0,0,2020-10-05T17:00:34.520+0000,2020,08,31
30976,2020-09-11,2020-09-25,4,-306.57,1508.09,0,4,0,0,3,0,-807.59,1007.07,6,0,2,0,0.75,2020-10-05T17:00:34.520+0000,2020,09,11
30976,2020-08-01,2020-08-24,1,283.68,283.68,0,1,0,0,1,0,283.68,283.68,1,0,1,0,1,2020-10-05T17:00:34.520+0000,2020,08,01
30976,2020-08-21,2020-09-29,1,185.19,185.19,0,1,0,0,0,0,0,0,1,0,1,0,0,2020-10-05T17:00:34.520+0000,2020,08,21
30976,2020-08-15,2020-09-12,2,1007.05,1437.45,0,2,0,0,1,0,1222.25,1222.25,9,1,0,0,0.5,2020-10-05T17:00:34.520+0000,2020,08,15
30976,2020-09-22,2020-09-22,96,41123.95,47727.89,0,96,0,0,34,0,18414.53,19466.59,3,1,0,0,0.3542,2020-10-05T17:00:34.520+0000,2020,09,22
30976,2020-09-10,2020-09-29,4,69.3,2027.36,0,4,0,0,4,0,69.3,2027.36,7,0,2,0,1,2020-10-05T17:00:34.520+0000,2020,09,10
30976,2020-08-31,2020-09-22,2,2665.36,2665.36,0,2,0,0,1,0,216.93,216.93,4,0,2,0,0.5,2020-10-05T17:00:34.520+0000,2020,08,31
30976,2020-08-18,2020-09-26,1,-551.24,551.24,0,1,0,0,1,0,-551.24,551.24,6,0,0,0,1,2020-10-05T17:00:34.520+0000,2020,08,18
30976,2020-09-02,2020-09-23,1,190.44,190.44,0,1,0,0,1,0,190.44,190.44,1,0,1,0,1,2020-10-05T17:00:34.520+0000,2020,09,02
30976,2020-08-10,2020-09-01,2,-1114.09,1114.09,0,2,0,0,2,0,-1114.09,1114.09,3,1,0,0,1,2020-10-05T17:00:34.520+0000,2020,08,10
30976,2020-09-08,2020-09-23,4,1171.46,1171.46,0,4,0,0,3,0,749.42,749.42,6,0,4,0,0.75,2020-10-05T17:00:34.520+0000,2020,09,08
30976,2020-09-16,2020-09-17,3,2968.54,2968.54,0,3,0,0,3,0,2968.54,2968.54,1,2,0,1,1,2020-10-05T17:00:34.520+0000,2020,09,16
30976,2020-07-17,2020-08-12,1,-353.3,353.3,0,1,0,0,0,0,0,0,2,0,1,0,0,2020-10-05T17:00:34.520+0000,2020,07,17
30976,2020-09-03,2020-09-23,3,-383.9,1299.5,0,3,0,0,3,0,-383.9,1299.5,8,0,1,0,1,2020-10-05T17:00:34.520+0000,2020,09,03
30976,2020-08-26,2020-09-11,3,-663.62,663.62,0,3,0,0,1,0,-76.95,76.95,9,1,0,0,0.3333,2020-10-05T17:00:34.520+0000,2020,08,26
30976,2020-09-19,2020-09-21,1,367.66,367.66,0,1,0,0,0,0,0,0,0,0,0,0,0,2020-10-05T17:00:34.520+0000,2020,09,19
30976,2020-09-20,2020-09-28,2,480.44,480.44,0,2,0,0,0,0,0,0,3,0,2,0,0,2020-10-05T17:00:34.520+0000,2020,09,20
30976,2020-09-07,2020-09-18,1,-416.76,416.76,0,1,0,0,1,0,-416.76,416.76,1,0,0,0,1,2020-10-05T17:00:34.520+0000,2020,09,07
30976,2020-07-14,2020-09-17,1,-325.34,325.34,0,1,0,0,1,0,-325.34,325.34,15,0,0,0,1,2020-10-05T17:00:34.520+0000,2020,07,14
30976,2020-08-10,2020-09-05,1,101.95,101.95,0,1,0,0,0,0,0,0,0,0,1,0,0,2020-10-05T17:00:34.520+0000,2020,08,10
30976,2020-08-27,2020-09-02,5,-614.79,1214.25,0,5,0,0,5,0,-614.79,1214.25,6,0,0,2,1,2020-10-05T17:00:34.520+0000,2020,08,27
30976,2020-09-14,2020-09-25,3,-190.9,1200.54,0,3,0,0,2,0,-458.8,932.64,6,0,2,0,0.6667,2020-10-05T17:00:34.520+0000,2020,09,14
30976,2020-08-24,2020-09-08,2,259.1,420.8,0,2,0,0,1,0,339.95,339.95,4,0,1,0,0.5,2020-10-05T17:00:34.520+0000,2020,08,24
30976,2020-09-03,2020-09-24,3,-330.84,330.84,0,3,0,0,3,0,-330.84,330.84,9,0,0,0,1,2020-10-05T17:00:34.520+0000,2020,09,03
30976,2020-08-28,2020-09-08,6,165.22,926.24,0,6,0,0,5,0,-152.78,608.24,11,1,3,0,0.8333,2020-10-05T17:00:34.520+0000,2020,08,28
30976,2020-08-31,2020-09-10,2,162.11,349.39,0,2,0,0,0,0,0,0,1,0,1,0,0,2020-10-05T17:00:34.520+0000,2020,08,31
30976,2020-09-09,2020-09-28,1,-81.89,81.89,0,1,0,0,0,0,0,0,1,0,0,0,0,2020-10-05T17:00:34.520+0000,2020,09,09
30976,2020-09-04,2020-09-16,4,721.28,1318.7,0,4,0,0,2,0,236.17,833.59,5,0,2,0,0.5,2020-10-05T17:00:34.520+0000,2020,09,04
30976,2020-08-30,2020-09-18,1,48.9,48.9,0,1,0,0,1,0,48.9,48.9,1,0,1,0,1,2020-10-05T17:00:34.520+0000,2020,08,30
30976,2020-08-22,2020-09-05,1,98.42,98.42,0,1,0,0,1,0,98.42,98.42,2,0,1,0,1,2020-10-05T17:00:34.520+0000,2020,08,22
30976,2020-08-05,2020-09-15,1,-206.53,206.53,0,1,0,0,1,0,-206.53,206.53,8,1,0,0,1,2020-10-05T17:00:34.520+0000,2020,08,05
30976,2020-08-02,2020-09-17,1,-156.44,156.44,0,1,0,0,1,0,-156.44,156.44,0,1,0,0,1,2020-10-05T17:00:34.520+0000,2020,08,02
30976,2020-09-10,2020-09-15,1,580.52,580.52,0,1,0,0,1,0,580.52,580.52,0,0,0,0,1,2020-10-05T17:00:34.520+0000,2020,09,10
30976,2020-08-26,2020-09-09,5,317.23,2195.21,0,5,0,0,5,0,317.23,2195.21,6,0,3,0,1,2020-10-05T17:00:34.520+0000,2020,08,26
30976,2020-09-07,2020-09-23,1,313.19,313.19,0,1,0,0,0,0,0,0,0,0,1,0,0,2020-10-05T17:00:34.520+0000,2020,09,07
30976,2020-08-30,2020-09-03,3,539.02,539.02,0,3,0,0,1,0,132.06,132.06,2,0,1,0,0.3333,2020-10-05T17:00:34.520+0000,2020,08,30
30976,2020-09-03,2020-09-19,1,-835.92,835.92,0,1,0,0,1,0,-835.92,835.92,1,0,0,0,1,2020-10-05T17:00:34.520+0000,2020,09,03
30976,2020-08-24,2020-09-04,3,-309.4,926.58,0,3,0,0,1,0,308.59,308.59,4,0,0,0,0.3333,2020-10-05T17:00:34.520+0000,2020,08,24
30976,2020-09-08,2020-09-28,1,948.85,948.85,0,1,0,0,0,0,0,0,1,0,1,0,0,2020-10-05T17:00:34.520+0000,2020,09,08
30976,2020-08-05,2020-09-02,1,63.06,63.06,0,1,0,0,1,0,63.06,63.06,3,0,1,0,1,2020-10-05T17:00:34.520+0000,2020,08,05
30976,2020-08-25,2020-09-10,2,-17.19,158.61,0,2,0,0,1,0,-87.9,87.9,1,0,1,0,0.5,2020-10-05T17:00:34.520+0000,2020,08,25
30976,2020-09-21,2020-09-22,2,405.24,405.24,0,2,0,0,2,0,405.24,405.24,0,0,0,0,1,2020-10-05T17:00:34.520+0000,2020,09,21
30976,2020-08-26,2020-09-18,1,287.73,287.73,0,1,0,0,1,0,287.73,287.73,1,0,1,0,1,2020-10-05T17:00:34.520+0000,2020,08,26
30976,2020-08-29,2020-09-17,1,198.66,198.66,0,1,0,0,1,0,198.66,198.66,1,0,1,0,1,2020-10-05T17:00:34.520+0000,2020,08,29
30976,2020-09-24,2020-09-25,4,674.8,1203.06,0,4,0,0,3,0,222.04,750.3,1,1,0,1,0.75,2020-10-05T17:00:34.520+0000,2020,09,24
30976,2020-09-02,2020-09-29,1,542.23,542.23,0,1,0,0,1,0,542.23,542.23,3,0,1,0,1,2020-10-05T17:00:34.520+0000,2020,09,02
30976,2020-09-07,2020-09-10,1,-114.13,114.13,0,1,0,0,1,0,-114.13,114.13,0,0,0,0,1,2020-10-05T17:00:34.520+0000,2020,09,07
30976,2020-08-26,2020-09-04,1,-170.84,170.84,0,1,0,0,1,0,-170.84,170.84,0,0,0,0,1,2020-10-05T17:00:34.520+0000,2020,08,26
30976,2020-07-29,2020-07-29,1,807.55,807.55,0,1,0,0,1,0,807.55,807.55,1,0,0,0,1,2020-10-05T17:00:34.520+0000,2020,07,29
30976,2020-08-25,2020-09-26,1,-281.03,281.03,0,1,0,0,1,0,-281.03,281.03,0,0,0,0,1,2020-10-05T17:00:34.520+0000,2020,08,25
30976,2020-09-14,2020-09-19,3,302.24,903.34,0,3,0,0,1,0,-300.55,300.55,0,0,2,0,0.3333,2020-10-05T17:00:34.520+0000,2020,09,14
30976,2020-08-17,2020-08-29,1,429.72,429.72,0,1,0,0,1,0,429.72,429.72,5,0,1,0,1,2020-10-05T17:00:34.520+0000,2020,08,17
30976,2020-08-22,2020-09-10,1,540.21,540.21,0,1,0,0,0,0,0,0,1,0,1,0,0,2020-10-05T17:00:34.520+0000,2020,08,22
30976,2020-09-06,2020-09-23,1,275.22,275.22,0,1,0,0,0,0,0,0,0,0,1,0,0,2020-10-05T17:00:34.520+0000,2020,09,06
30976,2020-09-02,2020-09-09,2,-529.35,529.35,0,2,0,0,2,0,-529.35,529.35,1,0,0,0,1,2020-10-05T17:00:34.520+0000,2020,09,02
30976,2020-09-05,2020-09-23,3,761.61,1497.57,0,3,0,0,2,0,213.33,949.29,5,0,2,0,0.6667,2020-10-05T17:00:34.520+0000,2020,09,05
30976,2020-09-08,2020-09-15,2,1752.61,1752.61,0,2,0,0,2,0,1752.61,1752.61,0,0,2,0,1,2020-10-05T17:00:34.520+0000,2020,09,08
30976,2020-07-17,2020-09-12,1,-2177.99,2177.99,0,1,0,0,1,0,-2177.99,2177.99,4,1,0,0,1,2020-10-05T17:00:34.520+0000,2020,07,17
30976,2020-09-14,2020-09-26,4,1912.77,2003.89,0,4,0,0,3,0,1651.97,1743.09,2,0,3,0,0.75,2020-10-05T17:00:34.520+0000,2020,09,14
30976,2020-08-25,2020-09-14,1,290.1,290.1,0,1,0,0,1,0,290.1,290.1,0,0,1,0,1,2020-10-05T17:00:34.520+0000,2020,08,25
30976,2020-09-16,2020-09-29,6,21.72,1274.66,0,6,0,0,3,0,-256.53,524.89,7,0,3,0,0.5,2020-10-05T17:00:34.520+0000,2020,09,16
30976,2020-08-19,2020-09-18,2,-388.1,388.1,0,2,0,0,0,0,0,0,2,0,0,0,0,2020-10-05T17:00:34.520+0000,2020,08,19
30976,2020-09-04,2020-09-25,1,299.52,299.52,0,1,0,0,0,0,0,0,2,0,1,0,0,2020-10-05T17:00:34.520+0000,2020,09,04
30976,2020-08-27,2020-08-27,1,113.24,113.24,0,1,0,0,0,0,0,0,1,0,0,0,0,2020-10-05T17:00:34.520+0000,2020,08,27
30976,2020-07-14,2020-09-13,1,289.24,289.24,0,1,0,0,1,0,289.24,289.24,0,1,0,0,1,2020-10-05T17:00:34.520+0000,2020,07,14
30976,2020-09-04,2020-09-21,3,2063.64,2063.64,0,3,0,0,1,0,453.99,453.99,0,0,2,0,0.3333,2020-10-05T17:00:34.520+0000,2020,09,04
30976,2020-08-25,2020-09-08,2,355.16,355.16,0,2,0,0,2,0,355.16,355.16,6,0,2,0,1,2020-10-05T17:00:34.520+0000,2020,08,25
30976,2020-08-31,2020-09-04,2,-216.89,2290.69,0,2,0,0,2,0,-216.89,2290.69,0,1,0,1,1,2020-10-05T17:00:34.520+0000,2020,08,31
30976,2020-09-11,2020-09-30,4,-353.35,1938.69,0,4,0,0,2,0,97.63,1487.71,2,0,1,0,0.5,2020-10-05T17:00:34.520+0000,2020,09,11
30976,2020-09-25,2020-09-28,2,412.36,412.36,0,2,0,0,2,0,412.36,412.36,0,0,1,1,1,2020-10-05T17:00:34.520+0000,2020,09,25
30976,2020-09-04,2020-09-10,2,721.29,721.29,0,2,0,0,2,0,721.29,721.29,2,0,0,2,1,2020-10-05T17:00:34.520+0000,2020,09,04
30976,2020-08-25,2020-09-04,5,-1768.69,2136.75,0,5,0,0,3,0,-887.71,1255.77,6,0,2,0,0.6,2020-10-05T17:00:34.520+0000,2020,08,25
30976,2020-09-03,2020-09-03,79,33321.2,38875.02,0,79,0,0,18,0,8448.75,9262.45,3,0,2,0,0.2278,2020-10-05T17:00:34.520+0000,2020,09,03
30976,2020-09-19,2020-09-26,7,2898.91,3592.91,0,7,0,0,6,0,3245.91,3245.91,2,0,6,0,0.8571,2020-10-05T17:00:34.520+0000,2020,09,19
30976,2020-09-10,2020-09-25,6,-1389.93,1984.29,0,6,0,0,5,0,-1110.8,1705.16,4,0,2,0,0.8333,2020-10-05T17:00:34.520+0000,2020,09,10
30976,2020-08-07,2020-09-02,1,450.48,450.48,0,1,0,0,0,0,0,0,0,0,1,0,0,2020-10-05T17:00:34.520+0000,2020,08,07
30976,2020-09-14,null,2,101.88,468.84,2,0,2,0,2,2,101.88,468.84,3,0,0,1,1,2020-10-05T17:00:34.520+0000,2020,09,14
30976,2020-09-20,2020-09-20,13,2657.02,3384.62,0,13,0,0,0,0,0,0,0,0,0,0,0,2020-10-05T17:00:34.520+0000,2020,09,20
30976,2020-09-03,2020-09-11,2,477.17,688.43,0,2,0,0,1,0,582.8,582.8,1,1,1,0,0.5,2020-10-05T17:00:34.520+0000,2020,09,03
30976,2020-08-29,2020-09-16,4,704.27,1028.29,0,4,0,0,4,0,704.27,1028.29,8,0,3,0,1,2020-10-05T17:00:34.520+0000,2020,08,29
30976,2020-09-08,2020-09-17,3,-350.66,1148.46,0,3,0,0,3,0,-350.66,1148.46,6,0,1,0,1,2020-10-05T17:00:34.520+0000,2020,09,08
30976,2020-07-23,2020-09-16,1,399.94,399.94,0,1,0,0,1,0,399.94,399.94,0,1,0,0,1,2020-10-05T17:00:34.520+0000,2020,07,23
30976,2020-09-10,2020-09-16,1,190.6,190.6,0,1,0,0,1,0,190.6,190.6,1,0,0,0,1,2020-10-05T17:00:34.520+0000,2020,09,10
30976,2020-09-02,2020-09-19,3,-412.25,1350.05,0,3,0,0,2,0,-71.4,1009.2,5,0,1,0,0.6667,2020-10-05T17:00:34.520+0000,2020,09,02
30976,2020-08-19,2020-09-26,1,-691.16,691.16,0,1,0,0,1,0,-691.16,691.16,2,1,0,0,1,2020-10-05T17:00:34.520+0000,2020,08,19
30976,2020-08-12,2020-09-01,4,-309.29,677.15,0,4,0,0,4,0,-309.29,677.15,13,0,1,0,1,2020-10-05T17:00:34.520+0000,2020,08,12
30976,2020-08-14,2020-08-22,1,282.88,282.88,0,1,0,0,0,0,0,0,2,0,1,0,0,2020-10-05T17:00:34.520+0000,2020,08,14
30976,2020-09-01,2020-09-17,6,3329.3,3329.3,0,6,0,0,4,0,2721.78,2721.78,12,1,5,0,0.6667,2020-10-05T17:00:34.520+0000,2020,09,01
30976,2020-08-09,2020-09-01,2,-38.79,201.71,0,2,0,0,1,0,81.46,81.46,1,0,1,0,0.5,2020-10-05T17:00:34.520+0000,2020,08,09
30976,2020-09-15,2020-09-23,11,585.08,3177.98,0,11,0,0,8,0,904.77,2494.49,10,1,8,0,0.7273,2020-10-05T17:00:34.520+0000,2020,09,15
30976,2020-09-15,2020-09-19,2,5094.12,5094.12,0,2,0,0,2,0,5094.12,5094.12,0,0,2,0,1,2020-10-05T17:00:34.520+0000,2020,09,15
30976,2020-07-09,2020-09-15,1,-42.27,42.27,0,1,0,0,0,0,0,0,2,1,0,0,0,2020-10-05T17:00:34.520+0000,2020,07,09
30976,2020-09-15,2020-09-27,1,67.9,67.9,0,1,0,0,1,0,67.9,67.9,0,0,1,0,1,2020-10-05T17:00:34.520+0000,2020,09,15
30976,2020-09-15,2020-09-15,74,30030.52,38970.84,0,74,0,0,16,0,6773.91,7291.69,2,3,0,0,0.2162,2020-10-05T17:00:34.520+0000,2020,09,15
30976,2020-08-04,2020-09-05,1,178.07,178.07,0,1,0,0,0,0,0,0,3,0,1,0,0,2020-10-05T17:00:34.520+0000,2020,08,04
30976,2020-09-06,2020-09-18,3,1041.69,1311.77,0,3,0,0,1,0,869.9,869.9,2,0,2,0,0.3333,2020-10-05T17:00:34.520+0000,2020,09,06
30976,2020-05-09,2020-08-13,1,-142.9,142.9,0,1,0,0,1,0,-142.9,142.9,2,1,0,0,1,2020-10-05T17:00:34.520+0000,2020,05,09
30976,2020-09-24,2020-09-28,1,166.14,166.14,0,1,0,0,1,0,166.14,166.14,0,0,1,0,1,2020-10-05T17:00:34.520+0000,2020,09,24
30976,2020-08-17,2020-09-03,3,-494.01,819.07,0,3,0,0,3,0,-494.01,819.07,7,0,1,0,1,2020-10-05T17:00:34.520+0000,2020,08,17
30976,2020-09-17,null,4,2806.32,2998.78,4,0,4,3,2,2,1596.83,1596.83,7,1,0,3,0.5,2020-10-05T17:00:34.520+0000,2020,09,17
30976,2020-08-31,2020-09-09,3,102.15,947.15,0,3,0,0,2,0,243.05,806.25,3,0,0,2,0.6667,2020-10-05T17:00:34.520+0000,2020,08,31
30976,2020-09-15,2020-09-26,5,335.49,1121.83,0,5,0,0,3,0,728.66,728.66,2,0,3,0,0.6,2020-10-05T17:00:34.520+0000,2020,09,15
30976,2020-07-30,2020-09-09,1,311.84,311.84,0,1,0,0,1,0,311.84,311.84,3,1,0,1,1,2020-10-05T17:00:34.520+0000,2020,07,30
30976,2020-09-05,2020-09-08,1,-103.45,103.45,0,1,0,0,1,0,-103.45,103.45,0,0,0,0,1,2020-10-05T17:00:34.520+0000,2020,09,05
30976,2020-07-15,2020-08-26,1,1405.05,1405.05,0,1,0,0,1,0,1405.05,1405.05,9,1,0,0,1,2020-10-05T17:00:34.520+0000,2020,07,15
30976,2020-08-20,2020-09-01,3,-460.51,1655.09,0,3,0,0,0,0,0,0,2,0,1,0,0,2020-10-05T17:00:34.520+0000,2020,08,20
30976,2020-08-11,2020-09-02,1,-165,165,0,1,0,0,1,0,-165,165,4,0,0,0,1,2020-10-05T17:00:34.520+0000,2020,08,11
30976,2020-09-13,2020-09-25,2,637.02,637.02,0,2,0,0,1,0,549.93,549.93,7,1,1,0,0.5,2020-10-05T17:00:34.520+0000,2020,09,13
30976,2020-08-05,2020-09-16,2,1222.32,1222.32,0,2,0,0,2,0,1222.32,1222.32,3,0,2,0,1,2020-10-05T17:00:34.520+0000,2020,08,05
30976,2020-08-21,2020-09-08,1,323.19,323.19,0,1,0,0,1,0,323.19,323.19,0,0,0,0,1,2020-10-05T17:00:34.520+0000,2020,08,21
30976,2020-08-04,2020-09-21,1,-310.9,310.9,0,1,0,0,0,0,0,0,1,1,0,0,0,2020-10-05T17:00:34.520+0000,2020,08,04
30976,2020-07-29,2020-09-23,1,-311.77,311.77,0,1,0,0,1,0,-311.77,311.77,10,0,0,0,1,2020-10-05T17:00:34.520+0000,2020,07,29
30976,2020-08-12,2020-09-02,1,-298.34,298.34,0,1,0,0,1,0,-298.34,298.34,1,1,0,0,1,2020-10-05T17:00:34.520+0000,2020,08,12
30976,2020-09-19,2020-09-24,1,-146.71,146.71,0,1,0,0,0,0,0,0,0,0,1,0,0,2020-10-05T17:00:34.520+0000,2020,09,19
30976,2020-09-01,2020-09-15,3,529.6,936.72,0,3,0,0,2,0,733.16,733.16,0,0,2,0,0.6667,2020-10-05T17:00:34.520+0000,2020,09,01
30976,2020-07-31,2020-08-27,1,276.83,276.83,0,1,0,0,1,0,276.83,276.83,9,0,0,1,1,2020-10-05T17:00:34.520+0000,2020,07,31
30976,2020-09-02,2020-09-30,1,-269.12,269.12,0,1,0,0,1,0,-269.12,269.12,2,0,0,0,1,2020-10-05T17:00:34.520+0000,2020,09,02
30976,2020-09-03,2020-09-09,1,74.53,74.53,0,1,0,0,1,0,74.53,74.53,0,0,1,0,1,2020-10-05T17:00:34.520+0000,2020,09,03
30976,2020-09-11,2020-09-19,4,1035.98,1035.98,0,4,0,0,1,0,73.71,73.71,1,0,3,0,0.25,2020-10-05T17:00:34.520+0000,2020,09,11
30976,2020-09-23,2020-09-23,64,13738.65,32981.65,0,64,0,0,17,0,4515.49,7827.23,0,3,4,0,0.2656,2020-10-05T17:00:34.520+0000,2020,09,23
30976,2020-08-07,2020-09-04,1,450.48,450.48,0,1,0,0,0,0,0,0,1,0,1,0,0,2020-10-05T17:00:34.520+0000,2020,08,07
30976,2020-08-26,2020-09-08,1,129.6,129.6,0,1,0,0,1,0,129.6,129.6,1,0,1,0,1,2020-10-05T17:00:34.520+0000,2020,08,26
30976,2020-09-11,2020-09-26,4,2666.93,2666.93,0,4,0,0,4,0,2666.93,2666.93,1,0,3,1,1,2020-10-05T17:00:34.520+0000,2020,09,11
30976,2020-08-12,2020-09-17,1,-221.87,221.87,0,1,0,0,0,0,0,0,2,0,1,0,0,2020-10-05T17:00:34.520+0000,2020,08,12
30976,2020-09-07,2020-09-24,3,-62.66,685.72,0,3,0,0,2,0,231.34,391.72,10,0,1,0,0.6667,2020-10-05T17:00:34.520+0000,2020,09,07
30976,2020-08-11,2020-09-01,3,-41.16,1074.96,0,3,0,0,1,0,-151.21,151.21,4,0,1,0,0.3333,2020-10-05T17:00:34.520+0000,2020,08,11
30976,2020-07-27,2020-09-29,1,-1195.53,1195.53,0,1,0,0,1,0,-1195.53,1195.53,13,1,0,0,1,2020-10-05T17:00:34.520+0000,2020,07,27
30976,2020-08-31,2020-09-16,4,-126.47,563.01,0,4,0,0,2,0,-21.17,271.49,7,0,3,0,0.5,2020-10-05T17:00:34.520+0000,2020,08,31
30976,2020-09-22,2020-09-23,1,-325.34,325.34,0,1,0,0,0,0,0,0,0,0,0,0,0,2020-10-05T17:00:34.520+0000,2020,09,22
30976,2020-08-27,2020-09-09,4,-883.01,1775.29,0,4,0,0,2,0,90.77,293.71,9,0,2,0,0.5,2020-10-05T17:00:34.520+0000,2020,08,27
30976,2020-08-28,2020-09-05,3,642.41,642.41,0,3,0,0,3,0,642.41,642.41,1,0,2,0,1,2020-10-05T17:00:34.520+0000,2020,08,28
30976,2020-09-01,2020-09-13,1,-105.63,105.63,0,1,0,0,1,0,-105.63,105.63,0,1,0,0,1,2020-10-05T17:00:34.520+0000,2020,09,01
30976,2020-08-12,2020-09-10,2,-301.57,301.57,0,2,0,0,2,0,-301.57,301.57,2,0,1,0,1,2020-10-05T17:00:34.520+0000,2020,08,12
30976,2020-08-24,2020-09-05,1,105.75,105.75,0,1,0,0,0,0,0,0,1,0,1,0,0,2020-10-05T17:00:34.520+0000,2020,08,24
30976,2020-07-28,2020-09-01,1,67.68,67.68,0,1,0,0,1,0,67.68,67.68,0,0,1,0,1,2020-10-05T17:00:34.520+0000,2020,07,28
30976,2020-08-04,2020-09-18,1,61.32,61.32,0,1,0,0,1,0,61.32,61.32,0,0,1,0,1,2020-10-05T17:00:34.520+0000,2020,08,04
30976,2020-09-20,2020-09-26,2,1150.37,1150.37,0,2,0,0,1,0,789.34,789.34,0,0,2,0,0.5,2020-10-05T17:00:34.520+0000,2020,09,20
30976,2020-08-27,2020-09-17,4,-230.91,946.61,0,4,0,0,4,0,-230.91,946.61,15,0,2,0,1,2020-10-05T17:00:34.520+0000,2020,08,27
30976,2020-09-10,null,4,2192.36,2192.36,4,0,4,3,3,3,2074.58,2074.58,7,0,0,4,0.75,2020-10-05T17:00:34.520+0000,2020,09,10
30976,2020-08-23,2020-09-03,1,416.66,416.66,0,1,0,0,0,0,0,0,1,0,1,0,0,2020-10-05T17:00:34.520+0000,2020,08,23
30976,2020-08-31,2020-09-18,5,-1431.04,1431.04,0,5,0,0,2,0,-394.57,394.57,14,0,1,0,0.4,2020-10-05T17:00:34.520+0000,2020,08,31
30976,2020-08-22,2020-09-01,2,1485.18,1485.18,0,2,0,0,0,0,0,0,0,0,2,0,0,2020-10-05T17:00:34.520+0000,2020,08,22
30976,2020-09-19,2020-09-19,21,14531.22,15652.04,0,21,0,0,4,0,3842.92,3842.92,0,0,1,0,0.1905,2020-10-05T17:00:34.520+0000,2020,09,19
30976,2020-09-19,2020-09-29,4,-340,1267.82,0,4,0,0,2,0,463.91,463.91,1,0,2,0,0.5,2020-10-05T17:00:34.520+0000,2020,09,19
30976,2020-09-03,2020-09-30,1,111.95,111.95,0,1,0,0,1,0,111.95,111.95,5,1,0,0,1,2020-10-05T17:00:34.520+0000,2020,09,03
30976,2020-08-20,2020-09-14,1,-82.64,82.64,0,1,0,0,0,0,0,0,2,0,0,0,0,2020-10-05T17:00:34.520+0000,2020,08,20
30976,2020-09-24,null,8,5239.51,5309.31,8,0,8,2,6,6,3744.37,3814.17,5,0,0,6,0.75,2020-10-05T17:00:34.520+0000,2020,09,24
30976,2020-08-24,2020-09-13,2,206.58,619.08,0,2,0,0,2,0,206.58,619.08,5,1,0,0,1,2020-10-05T17:00:34.520+0000,2020,08,24
30976,2020-09-18,2020-09-22,3,-77.61,308.23,0,3,0,0,2,0,-34.59,265.21,0,0,1,0,0.6667,2020-10-05T17:00:34.520+0000,2020,09,18
30976,2020-09-12,2020-09-12,22,4498.41,7572.77,0,22,0,0,5,0,1647.39,2117.19,1,1,0,0,0.2273,2020-10-05T17:00:34.520+0000,2020,09,12
30976,2020-08-17,null,1,75.93,75.93,1,0,1,1,0,0,0,0,1,0,0,0,0,2020-10-05T17:00:34.520+0000,2020,08,17
30976,2020-09-08,2020-09-08,58,17424.97,21559.33,0,58,0,0,12,0,2234.91,3442.05,1,2,0,0,0.2069,2020-10-05T17:00:34.520+0000,2020,09,08
30976,2020-09-16,2020-09-28,6,1430.13,2366.09,0,6,0,0,6,0,1430.13,2366.09,6,0,5,0,1,2020-10-05T17:00:34.520+0000,2020,09,16
30976,2020-09-15,2020-09-22,5,4143.68,4655.18,0,5,0,0,4,0,3537.71,4049.21,1,0,3,0,0.8,2020-10-05T17:00:34.520+0000,2020,09,15
30976,2020-08-11,2020-09-18,1,206.79,206.79,0,1,0,0,0,0,0,0,3,1,0,0,0,2020-10-05T17:00:34.520+0000,2020,08,11
30976,2020-09-09,2020-09-10,2,-742.12,742.12,0,2,0,0,0,0,0,0,0,0,0,0,0,2020-10-05T17:00:34.520+0000,2020,09,09
30976,2020-09-09,2020-09-22,7,5.6,1608.68,0,7,0,0,5,0,375.87,1238.41,9,0,2,1,0.7143,2020-10-05T17:00:34.520+0000,2020,09,09
30976,2020-09-11,2020-09-22,6,-3388.79,5706.55,0,6,0,0,2,0,-2040.9,4358.66,3,0,1,0,0.3333,2020-10-05T17:00:34.520+0000,2020,09,11
30976,2020-09-04,2020-09-04,69,22514.78,29439.26,0,69,0,0,9,0,5690.11,5690.11,2,0,0,0,0.1304,2020-10-05T17:00:34.520+0000,2020,09,04
30976,2020-09-14,2020-09-14,72,23605.9,30446.92,0,72,0,0,11,0,5676.61,8086.45,1,2,0,0,0.1528,2020-10-05T17:00:34.520+0000,2020,09,14
30976,2020-08-27,2020-09-18,6,-957.64,1163.56,0,6,0,0,3,0,-233.01,438.93,15,0,1,0,0.5,2020-10-05T17:00:34.520+0000,2020,08,27
30976,2020-09-04,2020-09-29,2,134.36,391.44,0,2,0,0,1,0,-128.54,128.54,4,0,1,0,0.5,2020-10-05T17:00:34.520+0000,2020,09,04
30976,2020-09-16,2020-09-16,75,23633.82,30702.36,0,75,0,0,12,0,3456.74,4342.64,0,1,0,0,0.16,2020-10-05T17:00:34.520+0000,2020,09,16
30976,2020-09-08,2020-09-11,1,-235.57,235.57,0,1,0,0,1,0,-235.57,235.57,1,0,0,0,1,2020-10-05T17:00:34.520+0000,2020,09,08
30976,2020-06-30,2020-07-28,1,293.77,293.77,0,1,0,0,0,0,0,0,4,0,1,0,0,2020-10-05T17:00:34.520+0000,2020,06,30
30976,2020-09-13,2020-09-23,2,418.08,418.08,0,2,0,0,1,0,276.45,276.45,0,0,2,0,0.5,2020-10-05T17:00:34.520+0000,2020,09,13
30976,2020-09-08,2020-09-26,1,1961.83,1961.83,0,1,0,0,1,0,1961.83,1961.83,2,0,0,0,1,2020-10-05T17:00:34.520+0000,2020,09,08
30976,2020-07-31,2020-09-23,1,-182.87,182.87,0,1,0,0,1,0,-182.87,182.87,10,0,0,0,1,2020-10-05T17:00:34.520+0000,2020,07,31
30976,2020-09-18,2020-09-19,4,1106.99,1106.99,0,4,0,0,2,0,410.63,410.63,0,0,1,1,0.5,2020-10-05T17:00:34.520+0000,2020,09,18
30976,2020-08-28,2020-09-04,1,64.42,64.42,0,1,0,0,0,0,0,0,1,0,1,0,0,2020-10-05T17:00:34.520+0000,2020,08,28
30976,2020-08-11,2020-09-04,2,52.95,1084.73,0,2,0,0,0,0,0,0,4,0,1,0,0,2020-10-05T17:00:34.520+0000,2020,08,11
30976,2020-08-19,2020-09-29,1,2027.53,2027.53,0,1,0,0,1,0,2027.53,2027.53,2,1,0,0,1,2020-10-05T17:00:34.520+0000,2020,08,19
30976,2020-09-09,2020-09-12,1,-582.44,582.44,0,1,0,0,0,0,0,0,0,1,0,0,0,2020-10-05T17:00:34.520+0000,2020,09,09
30976,2020-09-10,2020-09-12,4,-287.91,1477.69,0,4,0,0,2,0,363.51,826.27,3,1,0,0,0.5,2020-10-05T17:00:34.520+0000,2020,09,10
30976,2020-09-12,2020-09-26,2,239.52,1174.32,0,2,0,0,1,0,-467.4,467.4,2,0,1,0,0.5,2020-10-05T17:00:34.520+0000,2020,09,12
30976,2020-09-04,2020-09-05,1,528.34,528.34,0,1,0,0,1,0,528.34,528.34,0,0,0,1,1,2020-10-05T17:00:34.520+0000,2020,09,04
30976,2020-08-13,2020-09-10,1,1012.91,1012.91,0,1,0,0,1,0,1012.91,1012.91,0,0,1,0,1,2020-10-05T17:00:34.520+0000,2020,08,13
30976,2020-09-10,2020-09-18,6,-500.36,2077.82,0,6,0,0,5,0,522.55,1054.91,3,2,3,0,0.8333,2020-10-05T17:00:34.520+0000,2020,09,10
30976,2020-08-25,2020-08-31,4,592.26,592.26,0,4,0,0,2,0,344.02,344.02,5,0,4,0,0.5,2020-10-05T17:00:34.520+0000,2020,08,25
30976,2020-08-22,2020-09-16,1,122.6,122.6,0,1,0,0,1,0,122.6,122.6,6,0,1,0,1,2020-10-05T17:00:34.520+0000,2020,08,22
30976,2020-09-04,2020-09-24,1,-152.22,152.22,0,1,0,0,0,0,0,0,2,0,1,0,0,2020-10-05T17:00:34.520+0000,2020,09,04
30976,2020-09-17,2020-09-19,3,118.14,474.24,0,3,0,0,1,0,207.9,207.9,0,1,0,1,0.3333,2020-10-05T17:00:34.520+0000,2020,09,17
30976,2020-08-20,2020-09-18,3,-1087.16,1087.16,0,3,0,0,0,0,0,0,11,0,0,0,0,2020-10-05T17:00:34.520+0000,2020,08,20
30976,2020-09-12,2020-09-29,2,0,999.06,0,2,0,0,1,0,499.53,499.53,1,0,1,0,0.5,2020-10-05T17:00:34.520+0000,2020,09,12
30976,2020-09-05,2020-09-22,4,2102.78,2989.7,0,4,0,0,2,0,2360.09,2360.09,6,0,2,1,0.5,2020-10-05T17:00:34.520+0000,2020,09,05
30976,2020-08-14,2020-09-11,1,-57.19,57.19,0,1,0,0,1,0,-57.19,57.19,3,0,0,0,1,2020-10-05T17:00:34.520+0000,2020,08,14
30976,2020-09-12,2020-09-30,2,-1300.21,1300.21,0,2,0,0,2,0,-1300.21,1300.21,5,0,0,0,1,2020-10-05T17:00:34.520+0000,2020,09,12
30976,2020-09-01,2020-09-01,61,25834.69,30236.77,0,61,0,0,15,0,4957.18,5364.44,1,2,0,1,0.2459,2020-10-05T17:00:34.520+0000,2020,09,01
30976,2020-09-05,2020-09-09,2,-1051.61,1455.97,0,2,0,0,2,0,-1051.61,1455.97,3,1,0,1,1,2020-10-05T17:00:34.520+0000,2020,09,05
30976,2020-08-25,2020-09-09,4,430.62,867.16,0,4,0,0,3,0,557.7,740.08,6,0,0,1,0.75,2020-10-05T17:00:34.520+0000,2020,08,25
30976,2020-08-11,2020-09-24,1,-484.9,484.9,0,1,0,0,1,0,-484.9,484.9,0,0,0,0,1,2020-10-05T17:00:34.520+0000,2020,08,11
30976,2020-06-29,2020-09-16,1,-238.37,238.37,0,1,0,0,1,0,-238.37,238.37,2,1,0,0,1,2020-10-05T17:00:34.520+0000,2020,06,29
30976,2020-08-26,2020-09-02,3,-499.99,813.91,0,3,0,0,2,0,-223.42,537.34,2,0,0,1,0.6667,2020-10-05T17:00:34.520+0000,2020,08,26
30976,2020-07-16,null,1,245.9,245.9,1,0,1,0,1,1,245.9,245.9,3,0,0,1,1,2020-10-05T17:00:34.520+0000,2020,07,16
30976,2020-09-16,2020-09-23,7,1836.56,2633.4,0,7,0,0,6,0,2234.98,2234.98,1,0,4,0,0.8571,2020-10-05T17:00:34.520+0000,2020,09,16
30976,2020-09-17,2020-09-26,7,2032.79,2032.79,0,7,0,0,5,0,1284.93,1284.93,12,1,5,0,0.7143,2020-10-05T17:00:34.520+0000,2020,09,17
30976,2020-09-18,2020-09-25,7,1900.94,1900.94,0,7,0,0,3,0,982.66,982.66,0,0,6,0,0.4286,2020-10-05T17:00:34.520+0000,2020,09,18
30976,2020-08-22,2020-09-11,1,156.01,156.01,0,1,0,0,1,0,156.01,156.01,1,0,0,0,1,2020-10-05T17:00:34.520+0000,2020,08,22
30976,2020-08-26,2020-09-28,1,156.53,156.53,0,1,0,0,1,0,156.53,156.53,3,0,0,0,1,2020-10-05T17:00:34.520+0000,2020,08,26
30976,2020-07-13,2020-09-16,1,-152.35,152.35,0,1,0,0,1,0,-152.35,152.35,3,1,0,0,1,2020-10-05T17:00:34.520+0000,2020,07,13
30976,2020-08-03,2020-09-05,1,-608.21,608.21,0,1,0,0,1,0,-608.21,608.21,7,0,0,0,1,2020-10-05T17:00:34.520+0000,2020,08,03
30976,2020-09-21,2020-09-21,80,24889.36,35253.08,0,80,0,0,16,0,2074.16,6817.74,3,3,2,0,0.2,2020-10-05T17:00:34.520+0000,2020,09,21
30976,2020-09-07,2020-09-08,2,-205,410.8,0,2,0,0,0,0,0,0,0,1,0,0,0,2020-10-05T17:00:34.520+0000,2020,09,07
30976,2020-08-11,2020-08-12,1,293.82,293.82,0,1,0,0,1,0,293.82,293.82,6,0,0,1,1,2020-10-05T17:00:34.520+0000,2020,08,11
30976,2020-08-26,2020-09-15,4,-33.52,530.1,0,4,0,0,2,0,-244.41,244.41,6,1,0,0,0.5,2020-10-05T17:00:34.520+0000,2020,08,26
30976,2020-09-21,2020-09-25,14,2540.19,5278.07,0,14,0,0,5,0,239.88,2184.74,4,0,5,0,0.3571,2020-10-05T17:00:34.520+0000,2020,09,21
30976,2020-08-31,2020-09-02,1,273.49,273.49,0,1,0,0,1,0,273.49,273.49,1,0,1,0,1,2020-10-05T17:00:34.520+0000,2020,08,31
30976,2020-09-08,2020-09-30,1,213.57,213.57,0,1,0,0,1,0,213.57,213.57,2,0,1,0,1,2020-10-05T17:00:34.520+0000,2020,09,08
30976,2020-08-28,2020-09-26,1,-557.19,557.19,0,1,0,0,1,0,-557.19,557.19,1,0,0,0,1,2020-10-05T17:00:34.520+0000,2020,08,28
30976,2020-06-30,2020-07-24,1,101.47,101.47,0,1,0,0,1,0,101.47,101.47,2,1,0,0,1,2020-10-05T17:00:34.520+0000,2020,06,30
30976,2020-08-25,2020-09-12,2,-392.69,1153.53,0,2,0,0,1,0,380.42,380.42,1,0,1,0,0.5,2020-10-05T17:00:34.520+0000,2020,08,25
30976,2020-09-10,2020-09-10,48,18615.26,22310.24,0,48,0,0,13,0,3415.41,5411.03,1,0,0,0,0.2708,2020-10-05T17:00:34.520+0000,2020,09,10
30976,2020-09-07,2020-09-16,3,250.06,805.46,0,3,0,0,2,0,162.53,717.93,2,0,2,0,0.6667,2020-10-05T17:00:34.520+0000,2020,09,07
30976,2020-08-29,2020-09-04,1,-579.91,579.91,0,1,0,0,0,0,0,0,3,0,1,0,0,2020-10-05T17:00:34.520+0000,2020,08,29
30976,2020-08-25,2020-09-05,4,2497.71,2497.71,0,4,0,0,3,0,2035.68,2035.68,5,0,4,0,0.75,2020-10-05T17:00:34.520+0000,2020,08,25
30976,2020-09-03,2020-09-29,1,1146.12,1146.12,0,1,0,0,1,0,1146.12,1146.12,0,0,1,0,1,2020-10-05T17:00:34.520+0000,2020,09,03
30976,2020-08-24,2020-09-03,4,-926.97,1735.37,0,4,0,0,2,0,404.2,404.2,2,1,1,1,0.5,2020-10-05T17:00:34.520+0000,2020,08,24
30976,2020-09-25,2020-09-30,2,807.69,807.69,0,2,0,0,2,0,807.69,807.69,1,0,2,0,1,2020-10-05T17:00:34.520+0000,2020,09,25
30976,2020-09-17,2020-09-28,7,987.69,2213.41,0,7,0,0,5,0,1290.45,1290.45,12,0,6,0,0.7143,2020-10-05T17:00:34.520+0000,2020,09,17
30976,2020-09-23,2020-09-26,3,972.02,972.02,0,3,0,0,3,0,972.02,972.02,0,0,1,2,1,2020-10-05T17:00:34.520+0000,2020,09,23
30976,2020-09-15,2020-09-25,2,209.71,757.09,0,2,0,0,2,0,209.71,757.09,4,0,1,0,1,2020-10-05T17:00:34.520+0000,2020,09,15
30976,2020-08-03,2020-08-03,1,85.63,85.63,0,1,0,0,0,0,0,0,1,0,0,0,0,2020-10-05T17:00:34.520+0000,2020,08,03
30976,2020-09-16,2020-09-25,2,-249.25,1362.17,0,2,0,0,2,0,-249.25,1362.17,3,0,1,0,1,2020-10-05T17:00:34.520+0000,2020,09,16
30976,2020-08-28,2020-09-13,1,367.49,367.49,0,1,0,0,1,0,367.49,367.49,1,0,1,0,1,2020-10-05T17:00:34.520+0000,2020,08,28
30976,2020-08-25,2020-09-01,3,1310.01,1883.81,0,3,0,0,1,0,409.9,409.9,0,0,2,0,0.3333,2020-10-05T17:00:34.520+0000,2020,08,25
30976,2020-08-24,2020-09-11,4,-57.39,315.93,0,4,0,0,3,0,38.08,220.46,0,0,3,0,0.75,2020-10-05T17:00:34.520+0000,2020,08,24
30976,2020-09-24,2020-09-29,3,2545.75,2545.75,0,3,0,0,3,0,2545.75,2545.75,1,0,3,0,1,2020-10-05T17:00:34.520+0000,2020,09,24
30976,2020-08-31,2020-08-31,1,229.35,229.35,0,1,0,0,0,0,0,0,1,0,0,0,0,2020-10-05T17:00:34.520+0000,2020,08,31
30976,2020-09-14,2020-09-24,11,128.9,2958.42,0,11,0,0,4,0,629.38,1755.52,4,1,4,0,0.3636,2020-10-05T17:00:34.520+0000,2020,09,14
30976,2020-09-05,2020-09-24,1,621.14,621.14,0,1,0,0,1,0,621.14,621.14,5,0,1,0,1,2020-10-05T17:00:34.520+0000,2020,09,05
30976,2020-09-11,2020-09-12,7,-1894.36,3465.42,0,7,0,0,1,0,785.53,785.53,0,0,0,0,0.1429,2020-10-05T17:00:34.520+0000,2020,09,11
30976,2020-09-09,2020-09-21,2,516.88,516.88,0,2,0,0,2,0,516.88,516.88,2,0,2,0,1,2020-10-05T17:00:34.520+0000,2020,09,09
30976,2020-08-19,2020-09-11,1,-1156.85,1156.85,0,1,0,0,0,0,0,0,2,1,0,0,0,2020-10-05T17:00:34.520+0000,2020,08,19
30976,2020-08-12,2020-09-05,1,-303.16,303.16,0,1,0,0,0,0,0,0,7,0,1,0,0,2020-10-05T17:00:34.520+0000,2020,08,12
30976,2020-07-27,2020-09-19,1,-161.24,161.24,0,1,0,0,1,0,-161.24,161.24,5,1,0,0,1,2020-10-05T17:00:34.520+0000,2020,07,27
30976,2020-09-18,2020-09-18,69,24555.66,31418.76,0,69,0,0,15,0,6902.87,7205.57,2,1,0,0,0.2174,2020-10-05T17:00:34.520+0000,2020,09,18
30976,2020-07-22,2020-07-22,1,526.4,526.4,0,1,0,0,0,0,0,0,1,0,0,0,0,2020-10-05T17:00:34.520+0000,2020,07,22
30976,2020-09-08,2020-09-09,1,514.14,514.14,0,1,0,0,0,0,0,0,0,0,0,0,0,2020-10-05T17:00:34.520+0000,2020,09,08
30976,2020-09-29,2020-09-30,2,176.74,176.74,0,2,0,0,1,0,111.95,111.95,0,1,1,0,0.5,2020-10-05T17:00:34.520+0000,2020,09,29
30976,2020-08-15,2020-09-03,3,113.77,469.87,0,3,0,0,0,0,0,0,2,1,2,0,0,2020-10-05T17:00:34.520+0000,2020,08,15
30976,2020-09-14,2020-09-16,3,2617.89,2617.89,0,3,0,0,3,0,2617.89,2617.89,0,0,0,2,1,2020-10-05T17:00:34.520+0000,2020,09,14
30976,2020-09-16,2020-09-24,4,-280.81,1191.73,0,4,0,0,2,0,455.46,455.46,7,0,2,0,0.5,2020-10-05T17:00:34.520+0000,2020,09,16
30976,2020-09-09,2020-09-17,1,-114.54,114.54,0,1,0,0,0,0,0,0,0,0,0,0,0,2020-10-05T17:00:34.520+0000,2020,09,09
30976,2020-09-01,2020-09-21,5,-569.55,976.33,0,5,0,0,5,0,-569.55,976.33,8,0,2,0,1,2020-10-05T17:00:34.520+0000,2020,09,01
30976,2020-09-02,2020-09-10,1,-680.29,680.29,0,1,0,0,0,0,0,0,0,0,0,0,0,2020-10-05T17:00:34.520+0000,2020,09,02
30976,2020-09-13,2020-09-19,1,141.9,141.9,0,1,0,0,0,0,0,0,1,0,0,0,0,2020-10-05T17:00:34.520+0000,2020,09,13
30976,2020-09-12,2020-09-19,2,409.2,551,0,2,0,0,0,0,0,0,3,0,0,0,0,2020-10-05T17:00:34.520+0000,2020,09,12
30976,2020-08-15,2020-08-22,1,329.09,329.09,0,1,0,0,0,0,0,0,3,0,1,0,0,2020-10-05T17:00:34.520+0000,2020,08,15
30976,2020-08-25,2020-09-15,1,-75.4,75.4,0,1,0,0,1,0,-75.4,75.4,2,1,0,0,1,2020-10-05T17:00:34.520+0000,2020,08,25
30976,2020-08-28,2020-09-25,1,-113.37,113.37,0,1,0,0,1,0,-113.37,113.37,3,1,0,0,1,2020-10-05T17:00:34.520+0000,2020,08,28
30976,2020-09-12,2020-09-21,5,92.55,2593.55,0,5,0,0,3,0,-605.88,1895.12,3,0,2,0,0.6,2020-10-05T17:00:34.520+0000,2020,09,12
30976,2020-08-17,2020-09-01,2,-625.24,625.24,0,2,0,0,0,0,0,0,0,0,0,0,0,2020-10-05T17:00:34.520+0000,2020,08,17
30976,2020-08-03,2020-09-22,2,-27.59,129.63,0,2,0,0,1,0,-78.61,78.61,4,0,1,0,0.5,2020-10-05T17:00:34.520+0000,2020,08,03
30976,2020-08-22,2020-09-23,1,129.46,129.46,0,1,0,0,1,0,129.46,129.46,2,1,0,0,1,2020-10-05T17:00:34.520+0000,2020,08,22
30976,2020-08-15,2020-09-04,2,116.98,308.24,0,2,0,0,2,0,116.98,308.24,5,0,1,0,1,2020-10-05T17:00:34.520+0000,2020,08,15
30976,2020-09-03,2020-09-25,2,-121.81,251.61,0,2,0,0,1,0,64.9,64.9,4,0,0,1,0.5,2020-10-05T17:00:34.520+0000,2020,09,03
30976,2020-08-29,2020-09-12,3,-1180.98,1516.74,0,3,0,0,1,0,167.88,167.88,8,0,1,0,0.3333,2020-10-05T17:00:34.520+0000,2020,08,29
30976,2020-09-11,2020-09-14,2,3.17,709.43,0,2,0,0,2,0,3.17,709.43,0,0,1,0,1,2020-10-05T17:00:34.520+0000,2020,09,11
30976,2020-09-09,2020-09-24,7,940.11,1230.55,0,7,0,0,2,0,214.65,214.65,8,0,6,0,0.2857,2020-10-05T17:00:34.520+0000,2020,09,09
30976,2020-09-01,2020-09-19,4,-1183.91,1183.91,0,4,0,0,4,0,-1183.91,1183.91,4,0,0,0,1,2020-10-05T17:00:34.520+0000,2020,09,01
30976,2020-09-08,2020-09-18,6,470.03,1531.97,0,6,0,0,3,0,-4.4,1057.54,1,0,2,0,0.5,2020-10-05T17:00:34.520+0000,2020,09,08
30976,2020-09-05,2020-09-19,3,-279.4,1609.16,0,3,0,0,2,0,664.88,664.88,2,0,2,0,0.6667,2020-10-05T17:00:34.520+0000,2020,09,05
30976,2020-09-05,2020-09-11,1,-159.37,159.37,0,1,0,0,1,0,-159.37,159.37,1,0,0,0,1,2020-10-05T17:00:34.520+0000,2020,09,05
30976,2020-08-19,2020-09-23,1,623.69,623.69,0,1,0,0,1,0,623.69,623.69,4,0,1,0,1,2020-10-05T17:00:34.520+0000,2020,08,19
30976,2020-09-17,2020-09-22,2,947.03,947.03,0,2,0,0,2,0,947.03,947.03,1,0,0,2,1,2020-10-05T17:00:34.520+0000,2020,09,17
30976,2020-09-01,2020-09-04,1,-179.63,179.63,0,1,0,0,0,0,0,0,1,0,1,0,0,2020-10-05T17:00:34.520+0000,2020,09,01
30976,2020-09-03,2020-09-18,9,3513.8,3852.34,0,9,0,0,5,0,2995.54,2995.54,5,0,7,0,0.5556,2020-10-05T17:00:34.520+0000,2020,09,03
30976,2020-08-02,2020-08-04,1,177.84,177.84,0,1,0,0,1,0,177.84,177.84,6,0,1,0,1,2020-10-05T17:00:34.520+0000,2020,08,02
30976,2020-09-18,null,1,411.24,411.24,1,0,1,1,1,1,411.24,411.24,1,0,0,1,1,2020-10-05T17:00:34.520+0000,2020,09,18
30976,2020-09-06,2020-09-06,1,1527.92,1527.92,0,1,0,0,0,0,0,0,0,0,0,0,0,2020-10-05T17:00:34.520+0000,2020,09,06
30976,2020-09-23,2020-09-28,1,990.57,990.57,0,1,0,0,0,0,0,0,1,0,1,0,0,2020-10-05T17:00:34.520+0000,2020,09,23
30976,2020-09-25,2020-09-29,1,-831.84,831.84,0,1,0,0,1,0,-831.84,831.84,1,0,0,0,1,2020-10-05T17:00:34.520+0000,2020,09,25
30976,2020-08-21,2020-09-04,3,-1027.88,1027.88,0,3,0,0,1,0,-316.64,316.64,1,1,0,0,0.3333,2020-10-05T17:00:34.520+0000,2020,08,21
30976,2020-09-22,2020-09-29,5,635.64,1509.86,0,5,0,0,5,0,635.64,1509.86,4,1,3,0,1,2020-10-05T17:00:34.520+0000,2020,09,22
30976,2020-08-26,2020-09-05,4,84.04,966.18,0,4,0,0,4,0,84.04,966.18,11,0,3,0,1,2020-10-05T17:00:34.520+0000,2020,08,26
30976,2020-08-20,null,1,155.4,155.4,1,0,1,1,1,1,155.4,155.4,4,0,0,1,1,2020-10-05T17:00:34.520+0000,2020,08,20
30976,2020-07-25,2020-09-21,1,508.09,508.09,0,1,0,0,1,0,508.09,508.09,5,1,0,0,1,2020-10-05T17:00:34.520+0000,2020,07,25
30976,2020-09-15,2020-09-18,1,-54.9,54.9,0,1,0,0,1,0,-54.9,54.9,0,0,0,0,1,2020-10-05T17:00:34.520+0000,2020,09,15
30976,2020-07-14,2020-08-05,1,271.48,271.48,0,1,0,0,1,0,271.48,271.48,3,0,1,0,1,2020-10-05T17:00:34.520+0000,2020,07,14
30976,2020-08-21,2020-09-10,2,664.61,664.61,0,2,0,0,2,0,664.61,664.61,4,0,2,0,1,2020-10-05T17:00:34.520+0000,2020,08,21
30976,2020-09-09,2020-09-09,73,16728.16,25629.34,0,73,0,0,14,0,6486.35,6600.33,2,1,1,0,0.1918,2020-10-05T17:00:34.520+0000,2020,09,09
30976,2020-08-21,2020-08-26,1,132.06,132.06,0,1,0,0,1,0,132.06,132.06,1,0,1,0,1,2020-10-05T17:00:34.520+0000,2020,08,21
30976,2020-08-26,2020-09-12,4,1736.32,1736.32,0,4,0,0,3,0,1571.71,1571.71,5,0,4,0,0.75,2020-10-05T17:00:34.520+0000,2020,08,26
30976,2020-09-06,2020-09-24,1,310.01,310.01,0,1,0,0,1,0,310.01,310.01,3,0,1,0,1,2020-10-05T17:00:34.520+0000,2020,09,06
30976,2020-09-23,2020-09-24,3,580.55,1358.05,0,3,0,0,2,0,-92.95,684.55,0,0,2,1,0.6667,2020-10-05T17:00:34.520+0000,2020,09,23
30976,2020-08-18,2020-08-23,1,281.6,281.6,0,1,0,0,0,0,0,0,2,1,0,0,0,2020-10-05T17:00:34.520+0000,2020,08,18
30976,2020-09-20,null,2,603.95,1053.45,2,0,2,2,1,1,828.7,828.7,3,0,0,1,0.5,2020-10-05T17:00:34.520+0000,2020,09,20
30976,2020-08-14,2020-09-23,1,-277.9,277.9,0,1,0,0,0,0,0,0,5,1,0,0,0,2020-10-05T17:00:34.520+0000,2020,08,14
30976,2020-08-13,2020-09-01,1,-120.25,120.25,0,1,0,0,1,0,-120.25,120.25,0,0,0,0,1,2020-10-05T17:00:34.520+0000,2020,08,13
30976,2020-09-18,2020-09-26,6,4626.74,4626.74,0,6,0,0,1,0,342.94,342.94,1,1,5,0,0.1667,2020-10-05T17:00:34.520+0000,2020,09,18
30976,2020-09-21,2020-09-23,5,479.56,834.58,0,5,0,0,5,0,479.56,834.58,0,0,1,1,1,2020-10-05T17:00:34.520+0000,2020,09,21
30976,2020-09-03,2020-09-05,1,1496.15,1496.15,0,1,0,0,1,0,1496.15,1496.15,0,0,0,1,1,2020-10-05T17:00:34.520+0000,2020,09,03
30976,2020-09-08,2020-09-16,16,2622.37,6261.13,0,16,0,0,10,0,1930.24,3584.84,17,2,12,0,0.625,2020-10-05T17:00:34.520+0000,2020,09,08
30976,2020-09-03,2020-09-10,3,893.24,1469.5,0,3,0,0,3,0,893.24,1469.5,3,1,0,1,1,2020-10-05T17:00:34.520+0000,2020,09,03
30976,2020-08-14,2020-09-18,1,-1381.67,1381.67,0,1,0,0,1,0,-1381.67,1381.67,5,0,0,0,1,2020-10-05T17:00:34.520+0000,2020,08,14
30976,2020-09-09,2020-09-19,10,5698.57,7419.57,0,10,0,0,7,0,6099.42,6777.9,7,1,7,0,0.7,2020-10-05T17:00:34.520+0000,2020,09,09
30976,2020-08-20,2020-09-11,1,-149.27,149.27,0,1,0,0,0,0,0,0,2,0,0,0,0,2020-10-05T17:00:34.520+0000,2020,08,20
30976,2020-09-18,2020-09-28,2,714.81,714.81,0,2,0,0,0,0,0,0,1,0,2,0,0,2020-10-05T17:00:34.520+0000,2020,09,18
30976,2020-08-12,2020-09-18,1,-739.84,739.84,0,1,0,0,0,0,0,0,5,0,0,0,0,2020-10-05T17:00:34.520+0000,2020,08,12
30976,2020-09-14,2020-09-21,4,496.81,1080.97,0,4,0,0,4,0,496.81,1080.97,3,0,2,1,1,2020-10-05T17:00:34.520+0000,2020,09,14
30976,2020-08-24,2020-09-17,1,312.33,312.33,0,1,0,0,0,0,0,0,4,0,1,0,0,2020-10-05T17:00:34.520+0000,2020,08,24
30976,2020-09-17,2020-09-27,3,-642.3,642.3,0,3,0,0,0,0,0,0,3,0,0,0,0,2020-10-05T17:00:34.520+0000,2020,09,17
30976,2020-08-31,2020-09-27,1,-623.89,623.89,0,1,0,0,0,0,0,0,1,0,0,0,0,2020-10-05T17:00:34.520+0000,2020,08,31
30976,2020-09-07,2020-09-17,3,1206.53,1206.53,0,3,0,0,2,0,1042.4,1042.4,4,0,3,0,0.6667,2020-10-05T17:00:34.520+0000,2020,09,07
30976,2020-09-12,2020-09-13,1,-105.63,105.63,0,1,0,0,1,0,-105.63,105.63,0,1,0,0,1,2020-10-05T17:00:34.520+0000,2020,09,12
30976,2020-09-04,2020-09-09,2,252.09,252.09,0,2,0,0,1,0,48.9,48.9,0,0,2,0,0.5,2020-10-05T17:00:34.520+0000,2020,09,04
30976,2020-09-11,null,3,1001.34,1067.56,3,0,3,2,2,2,1034.45,1034.45,3,0,0,2,0.6667,2020-10-05T17:00:34.520+0000,2020,09,11
30976,2020-05-11,2020-09-25,1,-194.31,194.31,0,1,0,0,1,0,-194.31,194.31,7,0,0,0,1,2020-10-05T17:00:34.520+0000,2020,05,11
30976,2020-08-27,2020-09-10,2,208.02,208.02,0,2,0,0,0,0,0,0,1,0,2,0,0,2020-10-05T17:00:34.520+0000,2020,08,27
30976,2020-09-01,2020-09-11,3,94.47,635.53,0,3,0,0,3,0,94.47,635.53,1,0,3,0,1,2020-10-05T17:00:34.520+0000,2020,09,01
30976,2020-07-08,2020-08-11,1,560.68,560.68,0,1,0,0,1,0,560.68,560.68,3,0,1,0,1,2020-10-05T17:00:34.520+0000,2020,07,08
30976,2020-08-12,2020-09-09,2,613.59,613.59,0,2,0,0,2,0,613.59,613.59,5,0,2,0,1,2020-10-05T17:00:34.520+0000,2020,08,12
30976,2020-08-28,2020-09-01,6,587.07,1459.73,0,6,0,0,6,0,587.07,1459.73,3,0,2,2,1,2020-10-05T17:00:34.520+0000,2020,08,28
30976,2020-08-19,2020-09-05,4,1721.17,1721.17,0,4,0,0,3,0,1265.27,1265.27,6,0,3,0,0.75,2020-10-05T17:00:34.520+0000,2020,08,19
30976,2020-07-23,2020-09-18,2,-188.6,188.6,0,2,0,0,2,0,-188.6,188.6,21,1,0,0,1,2020-10-05T17:00:34.520+0000,2020,07,23
30976,2020-08-28,2020-09-11,2,-345.22,575.5,0,2,0,0,1,0,115.14,115.14,2,0,0,0,0.5,2020-10-05T17:00:34.520+0000,2020,08,28
30976,2020-08-25,2020-09-11,4,-588.97,1839.23,0,4,0,0,1,0,-186.71,186.71,6,0,1,0,0.25,2020-10-05T17:00:34.520+0000,2020,08,25
30976,2020-09-15,2020-09-29,5,-2425.65,2425.65,0,5,0,0,0,0,0,0,4,0,0,0,0,2020-10-05T17:00:34.520+0000,2020,09,15
30976,2020-09-16,2020-09-22,2,552.29,552.29,0,2,0,0,1,0,166.63,166.63,0,0,2,0,0.5,2020-10-05T17:00:34.520+0000,2020,09,16
30976,2020-09-08,2020-09-20,2,677.57,677.57,0,2,0,0,2,0,677.57,677.57,1,2,0,0,1,2020-10-05T17:00:34.520+0000,2020,09,08
30976,2020-07-24,2020-09-08,2,198.27,377.19,0,2,0,0,2,0,198.27,377.19,8,1,1,0,1,2020-10-05T17:00:34.520+0000,2020,07,24
30976,2020-08-29,2020-09-05,4,1050.23,1050.23,0,4,0,0,4,0,1050.23,1050.23,2,0,4,0,1,2020-10-05T17:00:34.520+0000,2020,08,29
30976,2020-08-31,2020-09-05,5,1728.09,1728.09,0,5,0,0,4,0,1166.25,1166.25,7,0,5,0,0.8,2020-10-05T17:00:34.520+0000,2020,08,31
30976,2020-08-27,2020-09-13,1,-78.71,78.71,0,1,0,0,0,0,0,0,0,0,0,0,0,2020-10-05T17:00:34.520+0000,2020,08,27
30976,2020-08-26,2020-08-31,2,863.24,863.24,0,2,0,0,2,0,863.24,863.24,2,0,2,0,1,2020-10-05T17:00:34.520+0000,2020,08,26
30976,2020-09-15,2020-09-24,14,960.78,3334.74,0,14,0,0,10,0,1445.5,2623.5,8,0,10,0,0.7143,2020-10-05T17:00:34.520+0000,2020,09,15
30976,2020-09-11,2020-09-17,3,1682.23,1682.23,0,3,0,0,3,0,1682.23,1682.23,2,0,3,0,1,2020-10-05T17:00:34.520+0000,2020,09,11
30976,2020-08-18,2020-09-05,2,-56.04,833.76,0,2,0,0,1,0,-444.9,444.9,2,0,1,0,0.5,2020-10-05T17:00:34.520+0000,2020,08,18
30976,2020-08-27,2020-09-12,3,1772.84,1772.84,0,3,0,0,3,0,1772.84,1772.84,5,0,3,0,1,2020-10-05T17:00:34.520+0000,2020,08,27
30976,2020-08-20,2020-09-02,4,-4231.44,4446.2,0,4,0,0,0,0,0,0,2,0,1,0,0,2020-10-05T17:00:34.520+0000,2020,08,20
30976,2020-09-20,2020-09-30,1,147.68,147.68,0,1,0,0,0,0,0,0,1,0,1,0,0,2020-10-05T17:00:34.520+0000,2020,09,20
30976,2020-09-29,null,25,12896.65,12896.65,25,0,25,20,14,14,6848.59,6848.59,19,0,0,24,0.56,2020-10-05T17:00:34.520+0000,2020,09,29
30976,2020-07-13,2020-08-06,1,576.9,576.9,0,1,0,0,1,0,576.9,576.9,4,0,1,0,1,2020-10-05T17:00:34.520+0000,2020,07,13
30976,2020-09-04,2020-09-13,1,-477.92,477.92,0,1,0,0,1,0,-477.92,477.92,0,1,0,0,1,2020-10-05T17:00:34.520+0000,2020,09,04
30976,2020-09-03,2020-09-21,6,3153.52,3153.52,0,6,0,0,1,0,273.94,273.94,12,0,6,0,0.1667,2020-10-05T17:00:34.520+0000,2020,09,03
30976,2020-09-09,2020-09-25,4,1770.98,1997.72,0,4,0,0,3,0,1884.35,1884.35,4,1,3,0,0.75,2020-10-05T17:00:34.520+0000,2020,09,09
30976,2020-08-28,2020-09-02,2,83.69,220.75,0,2,0,0,2,0,83.69,220.75,1,0,0,1,1,2020-10-05T17:00:34.520+0000,2020,08,28
30976,2020-09-23,2020-09-29,7,1130.84,2794.52,0,7,0,0,4,0,1516.05,1516.05,2,1,4,2,0.5714,2020-10-05T17:00:34.520+0000,2020,09,23
30976,2020-09-05,2020-09-15,1,287.8,287.8,0,1,0,0,1,0,287.8,287.8,2,0,1,0,1,2020-10-05T17:00:34.520+0000,2020,09,05
30976,2020-09-04,2020-09-19,4,959.34,1364.3,0,4,0,0,3,0,543.54,948.5,6,0,3,0,0.75,2020-10-05T17:00:34.520+0000,2020,09,04
30976,2020-08-25,2020-09-02,11,-4311.4,4394.32,0,11,0,0,5,0,-1897.18,1980.1,4,0,1,0,0.4545,2020-10-05T17:00:34.520+0000,2020,08,25
30976,2020-09-05,2020-09-20,1,160.78,160.78,0,1,0,0,1,0,160.78,160.78,2,0,1,0,1,2020-10-05T17:00:34.520+0000,2020,09,05
30976,2020-08-31,2020-09-23,3,1188.83,2280.97,0,3,0,0,0,0,0,0,5,0,1,0,0,2020-10-05T17:00:34.520+0000,2020,08,31
30976,2020-08-14,2020-09-10,1,-454.13,454.13,0,1,0,0,0,0,0,0,0,0,0,0,0,2020-10-05T17:00:34.520+0000,2020,08,14
30976,2020-09-29,2020-09-29,75,22934.64,28869.62,0,75,0,0,18,0,6290.28,7212.34,1,1,1,0,0.24,2020-10-05T17:00:34.520+0000,2020,09,29
30976,2020-06-24,2020-09-13,1,-430.4,430.4,0,1,0,0,1,0,-430.4,430.4,1,1,0,0,1,2020-10-05T17:00:34.520+0000,2020,06,24
30976,2020-07-28,2020-09-16,1,100.56,100.56,0,1,0,0,1,0,100.56,100.56,0,1,0,0,1,2020-10-05T17:00:34.520+0000,2020,07,28
30976,2020-09-02,2020-09-22,2,37.26,711.68,0,2,0,0,1,0,-337.21,337.21,8,0,1,0,0.5,2020-10-05T17:00:34.520+0000,2020,09,02
30976,2020-07-03,2020-09-17,1,170.19,170.19,0,1,0,0,1,0,170.19,170.19,7,0,1,0,1,2020-10-05T17:00:34.520+0000,2020,07,03
30976,2020-09-11,2020-09-15,1,792.35,792.35,0,1,0,0,1,0,792.35,792.35,3,0,0,1,1,2020-10-05T17:00:34.520+0000,2020,09,11
30976,2020-09-09,2020-09-23,7,319.42,2780.96,0,7,0,0,7,0,319.42,2780.96,3,0,5,0,1,2020-10-05T17:00:34.520+0000,2020,09,09
30976,2020-09-03,2020-09-22,3,417.34,1182.44,0,3,0,0,2,0,-382.55,382.55,9,0,1,0,0.6667,2020-10-05T17:00:34.520+0000,2020,09,03
30976,2020-08-13,null,1,60.72,60.72,1,0,1,1,0,0,0,0,5,0,0,0,0,2020-10-05T17:00:34.520+0000,2020,08,13
30976,2020-07-27,2020-09-01,1,-851.14,851.14,0,1,0,0,1,0,-851.14,851.14,4,1,0,0,1,2020-10-05T17:00:34.520+0000,2020,07,27
30976,2020-09-21,2020-09-30,12,4452.41,4843.73,0,12,0,0,8,0,1958.71,2350.03,5,0,12,0,0.6667,2020-10-05T17:00:34.520+0000,2020,09,21
30976,2020-09-07,2020-09-22,2,546.43,546.43,0,2,0,0,1,0,233.24,233.24,3,0,1,1,0.5,2020-10-05T17:00:34.520+0000,2020,09,07
30976,2020-08-19,2020-09-17,1,-120.14,120.14,0,1,0,0,1,0,-120.14,120.14,2,0,0,0,1,2020-10-05T17:00:34.520+0000,2020,08,19
30976,2020-08-31,2020-09-13,2,-44.94,151.5,0,2,0,0,2,0,-44.94,151.5,0,1,0,0,1,2020-10-05T17:00:34.520+0000,2020,08,31
30976,2020-08-13,2020-09-18,2,-1094.06,1094.06,0,2,0,0,0,0,0,0,7,1,0,0,0,2020-10-05T17:00:34.520+0000,2020,08,13
30976,2020-08-21,2020-09-11,3,1127.48,1306.22,0,3,0,0,1,0,938.94,938.94,7,0,2,0,0.3333,2020-10-05T17:00:34.520+0000,2020,08,21
30976,2020-09-03,null,1,220.12,220.12,1,0,1,1,1,1,220.12,220.12,1,0,0,1,1,2020-10-05T17:00:34.520+0000,2020,09,03
30976,2020-08-29,2020-09-09,3,-590.66,590.66,0,3,0,0,3,0,-590.66,590.66,4,0,0,0,1,2020-10-05T17:00:34.520+0000,2020,08,29
30976,2020-08-18,2020-09-10,1,-127.8,127.8,0,1,0,0,0,0,0,0,0,0,0,0,0,2020-10-05T17:00:34.520+0000,2020,08,18
30976,2020-09-08,2020-09-10,2,1173.45,1327.35,0,2,0,0,2,0,1173.45,1327.35,2,1,0,1,1,2020-10-05T17:00:34.520+0000,2020,09,08
30976,2020-09-10,2020-09-20,1,742.33,742.33,0,1,0,0,0,0,0,0,0,1,0,0,0,2020-10-05T17:00:34.520+0000,2020,09,10
30976,2020-09-01,2020-09-02,1,177.8,177.8,0,1,0,0,0,0,0,0,0,0,0,0,0,2020-10-05T17:00:34.520+0000,2020,09,01
30976,2020-08-25,2020-08-25,2,1139.18,1139.18,0,2,0,0,0,0,0,0,2,0,0,0,0,2020-10-05T17:00:34.520+0000,2020,08,25
30976,2020-08-14,2020-09-16,1,990.57,990.57,0,1,0,0,1,0,990.57,990.57,3,0,0,0,1,2020-10-05T17:00:34.520+0000,2020,08,14
30976,2020-08-14,2020-09-05,1,76.32,76.32,0,1,0,0,1,0,76.32,76.32,1,0,1,0,1,2020-10-05T17:00:34.520+0000,2020,08,14
30976,2020-07-25,2020-09-29,1,-270.59,270.59,0,1,0,0,1,0,-270.59,270.59,6,0,0,0,1,2020-10-05T17:00:34.520+0000,2020,07,25
30976,2020-07-24,2020-08-19,1,-89.46,89.46,0,1,0,0,1,0,-89.46,89.46,0,0,1,0,1,2020-10-05T17:00:34.520+0000,2020,07,24
30976,2020-08-25,2020-09-03,4,2286.06,2515.34,0,4,0,0,2,0,2197.72,2197.72,0,0,3,0,0.5,2020-10-05T17:00:34.520+0000,2020,08,25
30976,2020-08-30,2020-08-30,1,202.48,202.48,0,1,0,0,1,0,202.48,202.48,1,0,0,0,1,2020-10-05T17:00:34.520+0000,2020,08,30
30976,2020-08-07,2020-09-08,2,902.15,902.15,0,2,0,0,0,0,0,0,0,0,2,0,0,2020-10-05T17:00:34.520+0000,2020,08,07
30976,2020-08-21,2020-08-21,1,216.64,216.64,0,1,0,0,0,0,0,0,1,0,0,0,0,2020-10-05T17:00:34.520+0000,2020,08,21
30976,2020-09-05,2020-09-30,2,-742.89,742.89,0,2,0,0,2,0,-742.89,742.89,1,0,1,0,1,2020-10-05T17:00:34.520+0000,2020,09,05
30976,2020-08-02,2020-09-04,1,-165.21,165.21,0,1,0,0,1,0,-165.21,165.21,2,0,1,0,1,2020-10-05T17:00:34.520+0000,2020,08,02
30976,2020-08-26,2020-09-21,1,1084.65,1084.65,0,1,0,0,1,0,1084.65,1084.65,2,1,0,0,1,2020-10-05T17:00:34.520+0000,2020,08,26
30976,2020-09-17,2020-09-30,2,95.84,605.02,0,2,0,0,2,0,95.84,605.02,2,1,0,0,1,2020-10-05T17:00:34.520+0000,2020,09,17
30976,2020-08-13,2020-09-03,5,1284.17,2227.13,0,5,0,0,4,0,1193.83,2136.79,9,0,4,0,0.8,2020-10-05T17:00:34.520+0000,2020,08,13
30976,2020-09-14,2020-09-22,4,-1294.33,2260.11,0,4,0,0,4,0,-1294.33,2260.11,3,0,1,0,1,2020-10-05T17:00:34.520+0000,2020,09,14
30976,2020-07-31,2020-09-18,1,-144.12,144.12,0,1,0,0,1,0,-144.12,144.12,1,1,0,0,1,2020-10-05T17:00:34.520+0000,2020,07,31
30976,2020-08-10,2020-09-09,1,1152.87,1152.87,0,1,0,0,1,0,1152.87,1152.87,3,0,1,0,1,2020-10-05T17:00:34.520+0000,2020,08,10
30976,2020-09-04,2020-09-17,1,244.22,244.22,0,1,0,0,0,0,0,0,0,0,1,0,0,2020-10-05T17:00:34.520+0000,2020,09,04
30976,2020-08-14,2020-09-08,1,260.63,260.63,0,1,0,0,1,0,260.63,260.63,2,0,1,0,1,2020-10-05T17:00:34.520+0000,2020,08,14
30976,2020-08-24,2020-09-09,3,-448.65,1107.21,0,3,0,0,3,0,-448.65,1107.21,3,0,1,0,1,2020-10-05T17:00:34.520+0000,2020,08,24
30976,2020-07-24,2020-09-25,1,-515.32,515.32,0,1,0,0,1,0,-515.32,515.32,7,1,0,0,1,2020-10-05T17:00:34.520+0000,2020,07,24
30976,2020-08-14,2020-09-15,1,75.61,75.61,0,1,0,0,1,0,75.61,75.61,0,0,0,0,1,2020-10-05T17:00:34.520+0000,2020,08,14
30976,2020-08-06,2020-09-05,1,-310.9,310.9,0,1,0,0,1,0,-310.9,310.9,2,0,0,0,1,2020-10-05T17:00:34.520+0000,2020,08,06
30976,2020-09-19,2020-09-22,1,-277.28,277.28,0,1,0,0,0,0,0,0,0,0,0,0,0,2020-10-05T17:00:34.520+0000,2020,09,19
30976,2020-08-12,2020-08-25,1,40.42,40.42,0,1,0,0,1,0,40.42,40.42,3,0,1,0,1,2020-10-05T17:00:34.520+0000,2020,08,12
30976,2020-09-25,null,10,-1499.26,6664.26,10,0,10,5,4,4,1291.2,1721.6,9,0,0,7,0.4,2020-10-05T17:00:34.520+0000,2020,09,25
30976,2020-09-16,null,2,-321.25,321.25,2,0,2,2,2,2,-321.25,321.25,2,0,0,0,1,2020-10-05T17:00:34.520+0000,2020,09,16
30976,2020-08-22,2020-09-14,2,162.92,162.92,0,2,0,0,0,0,0,0,0,0,2,0,0,2020-10-05T17:00:34.520+0000,2020,08,22
30976,2020-08-14,2020-09-09,1,81.89,81.89,0,1,0,0,1,0,81.89,81.89,4,0,1,0,1,2020-10-05T17:00:34.520+0000,2020,08,14
30976,2020-08-27,2020-09-27,1,-76.45,76.45,0,1,0,0,0,0,0,0,0,0,0,0,0,2020-10-05T17:00:34.520+0000,2020,08,27
30976,2020-09-11,2020-09-24,2,-1119.26,1119.26,0,2,0,0,0,0,0,0,2,0,0,0,0,2020-10-05T17:00:34.520+0000,2020,09,11
30976,2020-09-03,2020-09-12,3,708.45,935.19,0,3,0,0,0,0,0,0,0,0,2,0,0,2020-10-05T17:00:34.520+0000,2020,09,03
30976,2020-09-10,2020-09-14,2,939.17,939.17,0,2,0,0,2,0,939.17,939.17,0,0,2,0,1,2020-10-05T17:00:34.520+0000,2020,09,10
30976,2020-09-04,2020-09-15,2,-168.46,1451.12,0,2,0,0,0,0,0,0,2,0,1,0,0,2020-10-05T17:00:34.520+0000,2020,09,04
30976,2020-08-13,2020-09-17,2,-730.52,730.52,0,2,0,0,1,0,-166.21,166.21,7,1,0,0,0.5,2020-10-05T17:00:34.520+0000,2020,08,13
30976,2020-09-27,2020-09-27,6,1191.85,1920.09,0,6,0,0,1,0,350.43,350.43,1,1,0,0,0.1667,2020-10-05T17:00:34.520+0000,2020,09,27
30976,2020-08-01,2020-09-19,1,-578.32,578.32,0,1,0,0,1,0,-578.32,578.32,3,0,0,0,1,2020-10-05T17:00:34.520+0000,2020,08,01
30976,2020-09-23,2020-09-30,19,51.59,6101.93,0,19,0,0,14,0,-548.75,5501.59,12,0,11,1,0.7368,2020-10-05T17:00:34.520+0000,2020,09,23
30976,2020-05-06,2020-05-06,1,1159.9,1159.9,0,1,0,0,1,0,1159.9,1159.9,1,0,1,0,1,2020-10-05T17:00:34.520+0000,2020,05,06
30976,2020-09-08,2020-09-13,1,326.29,326.29,0,1,0,0,1,0,326.29,326.29,2,0,0,1,1,2020-10-05T17:00:34.520+0000,2020,09,08
30976,2020-09-22,2020-09-25,4,1657.12,1821.6,0,4,0,0,4,0,1657.12,1821.6,1,0,0,2,1,2020-10-05T17:00:34.520+0000,2020,09,22
30976,2020-09-02,2020-09-04,7,6092.46,6683.8,0,7,0,0,7,0,6092.46,6683.8,3,1,6,0,1,2020-10-05T17:00:34.520+0000,2020,09,02
30976,2020-08-28,2020-08-28,1,175.21,175.21,0,1,0,0,0,0,0,0,1,0,0,0,0,2020-10-05T17:00:34.520+0000,2020,08,28
30976,2020-09-09,2020-09-30,1,-1452.3,1452.3,0,1,0,0,1,0,-1452.3,1452.3,2,0,1,0,1,2020-10-05T17:00:34.520+0000,2020,09,09
30976,2020-09-04,2020-09-06,1,448.71,448.71,0,1,0,0,0,0,0,0,0,0,0,0,0,2020-10-05T17:00:34.520+0000,2020,09,04
30976,2020-09-17,2020-09-24,6,2080.54,3210.68,0,6,0,0,3,0,318.27,1448.41,4,1,4,0,0.5,2020-10-05T17:00:34.520+0000,2020,09,17
30976,2020-09-11,2020-09-20,1,786.5,786.5,0,1,0,0,1,0,786.5,786.5,3,1,0,0,1,2020-10-05T17:00:34.520+0000,2020,09,11
30976,2020-09-21,null,3,-1363.56,2063.36,3,0,3,1,0,0,0,0,1,0,0,1,0,2020-10-05T17:00:34.520+0000,2020,09,21
30976,2020-09-04,2020-09-22,9,2968,6204.8,0,9,0,0,4,0,3908.44,3908.44,9,1,6,0,0.4444,2020-10-05T17:00:34.520+0000,2020,09,04
30976,2020-09-04,2020-09-12,1,86.01,86.01,0,1,0,0,0,0,0,0,0,0,1,0,0,2020-10-05T17:00:34.520+0000,2020,09,04
30976,2020-07-14,2020-08-07,1,189.22,189.22,0,1,0,0,0,0,0,0,5,0,1,0,0,2020-10-05T17:00:34.520+0000,2020,07,14
30976,2020-08-19,null,1,-39.53,39.53,1,0,1,0,1,1,-39.53,39.53,5,0,0,0,1,2020-10-05T17:00:34.520+0000,2020,08,19
30976,2020-08-06,2020-08-11,1,282.88,282.88,0,1,0,0,1,0,282.88,282.88,2,0,1,0,1,2020-10-05T17:00:34.520+0000,2020,08,06
30976,2020-08-11,2020-09-03,2,317.32,494.1,0,2,0,0,2,0,317.32,494.1,2,0,0,1,1,2020-10-05T17:00:34.520+0000,2020,08,11
30976,2020-07-17,2020-09-23,1,-1440.91,1440.91,0,1,0,0,0,0,0,0,4,1,0,0,0,2020-10-05T17:00:34.520+0000,2020,07,17
30976,2020-08-20,2020-08-24,2,498.82,498.82,0,2,0,0,2,0,498.82,498.82,4,0,2,0,1,2020-10-05T17:00:34.520+0000,2020,08,20
30976,2020-09-21,2020-09-29,6,955.21,1288.41,0,6,0,0,2,0,374.1,457.5,2,0,4,0,0.3333,2020-10-05T17:00:34.520+0000,2020,09,21
30976,2020-09-13,2020-09-26,1,1358.54,1358.54,0,1,0,0,0,0,0,0,2,0,1,0,0,2020-10-05T17:00:34.520+0000,2020,09,13
30976,2020-07-18,2020-08-13,1,108.77,108.77,0,1,0,0,1,0,108.77,108.77,2,0,1,0,1,2020-10-05T17:00:34.520+0000,2020,07,18
30976,2020-08-21,2020-09-18,2,-578.37,578.37,0,2,0,0,0,0,0,0,10,0,0,0,0,2020-10-05T17:00:34.520+0000,2020,08,21
30976,2020-09-30,null,35,13774.36,14901.56,35,0,35,0,21,21,9881.91,9881.91,4,1,0,34,0.6,2020-10-05T17:00:34.520+0000,2020,09,30
30976,2020-09-02,2020-09-05,3,96.94,440.4,0,3,0,0,2,0,268.67,268.67,1,0,1,1,0.6667,2020-10-05T17:00:34.520+0000,2020,09,02
30976,2020-09-02,2020-09-18,5,-145.7,1954.66,0,5,0,0,2,0,904.48,904.48,5,0,2,0,0.4,2020-10-05T17:00:34.520+0000,2020,09,02
30976,2020-09-28,2020-09-30,3,-258.64,258.64,0,3,0,0,3,0,-258.64,258.64,0,0,0,0,1,2020-10-05T17:00:34.520+0000,2020,09,28
30976,2020-08-18,2020-09-17,1,-427.89,427.89,0,1,0,0,1,0,-427.89,427.89,1,0,1,0,1,2020-10-05T17:00:34.520+0000,2020,08,18
30976,2020-08-29,2020-09-03,2,128.05,358.61,0,2,0,0,2,0,128.05,358.61,2,0,1,0,1,2020-10-05T17:00:34.520+0000,2020,08,29
30976,2020-08-26,2020-09-10,4,-866.2,866.2,0,4,0,0,2,0,-324.75,324.75,5,1,0,0,0.5,2020-10-05T17:00:34.520+0000,2020,08,26
30976,2020-09-13,2020-09-24,1,125.62,125.62,0,1,0,0,1,0,125.62,125.62,2,0,1,0,1,2020-10-05T17:00:34.520+0000,2020,09,13
30976,2020-09-17,2020-09-18,2,36.29,227.23,0,2,0,0,1,0,-95.47,95.47,0,0,1,0,0.5,2020-10-05T17:00:34.520+0000,2020,09,17
30976,2020-08-30,2020-09-05,2,748,748,0,2,0,0,0,0,0,0,0,0,0,0,0,2020-10-05T17:00:34.520+0000,2020,08,30
30976,2020-07-18,2020-09-20,1,1264.37,1264.37,0,1,0,0,1,0,1264.37,1264.37,13,1,0,0,1,2020-10-05T17:00:34.520+0000,2020,07,18
30976,2020-08-19,2020-09-12,1,-105.9,105.9,0,1,0,0,1,0,-105.9,105.9,2,0,0,0,1,2020-10-05T17:00:34.520+0000,2020,08,19
30976,2020-09-28,2020-09-28,63,24773.28,34366.64,0,63,0,0,15,0,3555.98,7169.84,1,2,0,0,0.2381,2020-10-05T17:00:34.520+0000,2020,09,28
30976,2020-08-17,2020-09-05,3,844.39,844.39,0,3,0,0,1,0,76.32,76.32,3,0,3,0,0.3333,2020-10-05T17:00:34.520+0000,2020,08,17
30976,2020-07-30,2020-09-19,1,-578.32,578.32,0,1,0,0,1,0,-578.32,578.32,0,0,0,0,1,2020-10-05T17:00:34.520+0000,2020,07,30
30976,2020-08-27,2020-09-04,1,-1253.79,1253.79,0,1,0,0,1,0,-1253.79,1253.79,3,0,0,1,1,2020-10-05T17:00:34.520+0000,2020,08,27
30976,2020-09-20,2020-09-29,4,-104.08,2261.26,0,4,0,0,1,0,1078.59,1078.59,2,0,1,0,0.25,2020-10-05T17:00:34.520+0000,2020,09,20
30976,2020-09-19,2020-09-30,2,1103.97,1352.71,0,2,0,0,0,0,0,0,1,0,1,0,0,2020-10-05T17:00:34.520+0000,2020,09,19
30976,2020-08-29,2020-09-08,1,-442.95,442.95,0,1,0,0,1,0,-442.95,442.95,4,1,0,0,1,2020-10-05T17:00:34.520+0000,2020,08,29
30976,2020-09-10,2020-09-21,7,806.86,1238.24,0,7,0,0,4,0,154.12,585.5,0,1,4,0,0.5714,2020-10-05T17:00:34.520+0000,2020,09,10
30976,2020-09-16,2020-09-21,2,1135.28,1135.28,0,2,0,0,2,0,1135.28,1135.28,0,0,2,0,1,2020-10-05T17:00:34.520+0000,2020,09,16
30976,2020-08-04,2020-09-10,1,-331.21,331.21,0,1,0,0,0,0,0,0,1,0,1,0,0,2020-10-05T17:00:34.520+0000,2020,08,04
30976,2020-09-12,2020-09-24,7,3794.41,3794.41,0,7,0,0,5,0,2394.71,2394.71,9,1,6,0,0.7143,2020-10-05T17:00:34.520+0000,2020,09,12
30976,2020-08-07,2020-08-31,1,-313.96,313.96,0,1,0,0,1,0,-313.96,313.96,1,0,1,0,1,2020-10-05T17:00:34.520+0000,2020,08,07
30976,2020-09-16,2020-09-19,2,-8.46,702.56,0,2,0,0,2,0,-8.46,702.56,0,0,1,0,1,2020-10-05T17:00:34.520+0000,2020,09,16
30976,2020-09-11,2020-09-29,1,564.42,564.42,0,1,0,0,1,0,564.42,564.42,1,0,1,0,1,2020-10-05T17:00:34.520+0000,2020,09,11
30976,2020-09-18,2020-09-29,1,1240.17,1240.17,0,1,0,0,1,0,1240.17,1240.17,2,0,1,0,1,2020-10-05T17:00:34.520+0000,2020,09,18
30976,2020-08-28,2020-09-15,8,-999.17,3445.31,0,8,0,0,6,0,471.2,1974.94,16,0,5,0,0.75,2020-10-05T17:00:34.520+0000,2020,08,28
30976,2020-09-02,2020-09-08,3,954.92,954.92,0,3,0,0,3,0,954.92,954.92,3,0,3,0,1,2020-10-05T17:00:34.520+0000,2020,09,02
30976,2020-08-13,2020-09-11,5,-1335.34,1335.34,0,5,0,0,3,0,-414.02,414.02,5,0,1,0,0.6,2020-10-05T17:00:34.520+0000,2020,08,13
30976,2020-07-28,2020-08-24,1,750.23,750.23,0,1,0,0,1,0,750.23,750.23,7,0,1,0,1,2020-10-05T17:00:34.520+0000,2020,07,28
30976,2020-09-02,2020-09-17,3,525.07,1187.49,0,3,0,0,3,0,525.07,1187.49,7,0,3,0,1,2020-10-05T17:00:34.520+0000,2020,09,02
30976,2020-08-13,2020-09-05,4,-2045.47,2045.47,0,4,0,0,2,0,-424.47,424.47,8,0,0,0,0.5,2020-10-05T17:00:34.520+0000,2020,08,13
30976,2020-08-17,2020-09-22,1,-3485.9,3485.9,0,1,0,0,1,0,-3485.9,3485.9,3,0,0,0,1,2020-10-05T17:00:34.520+0000,2020,08,17
30976,2020-08-05,2020-09-13,1,446.38,446.38,0,1,0,0,0,0,0,0,1,1,0,0,0,2020-10-05T17:00:34.520+0000,2020,08,05
30976,2020-09-21,2020-09-24,4,147.45,1425.55,0,4,0,0,4,0,147.45,1425.55,1,0,1,0,1,2020-10-05T17:00:34.520+0000,2020,09,21
30976,2020-09-04,2020-09-18,3,-472.27,1594.53,0,3,0,0,1,0,-1033.4,1033.4,4,0,1,0,0.3333,2020-10-05T17:00:34.520+0000,2020,09,04
30976,2020-08-15,2020-08-15,1,-134.63,134.63,0,1,0,0,1,0,-134.63,134.63,0,1,0,0,1,2020-10-05T17:00:34.520+0000,2020,08,15
30976,2020-08-15,2020-08-29,1,339.9,339.9,0,1,0,0,1,0,339.9,339.9,2,0,1,0,1,2020-10-05T17:00:34.520+0000,2020,08,15
30976,2020-08-28,2020-09-19,2,-840.11,840.11,0,2,0,0,1,0,-339.28,339.28,3,0,0,0,0.5,2020-10-05T17:00:34.520+0000,2020,08,28
30976,2020-09-15,2020-09-16,3,1381.47,1381.47,0,3,0,0,2,0,738.86,738.86,0,0,0,1,0.6667,2020-10-05T17:00:34.520+0000,2020,09,15
30976,2020-09-12,2020-09-23,2,-1708.5,1708.5,0,2,0,0,0,0,0,0,1,0,0,0,0,2020-10-05T17:00:34.520+0000,2020,09,12
30976,2020-07-30,2020-08-04,1,-132.78,132.78,0,1,0,0,1,0,-132.78,132.78,7,0,1,0,1,2020-10-05T17:00:34.520+0000,2020,07,30
30976,2020-08-22,2020-09-02,1,-71.9,71.9,0,1,0,0,0,0,0,0,0,0,0,0,0,2020-10-05T17:00:34.520+0000,2020,08,22
30976,2020-09-11,2020-09-11,76,30084.05,35164.93,0,76,0,0,26,0,4580.68,8672.32,0,3,0,0,0.3421,2020-10-05T17:00:34.520+0000,2020,09,11
30976,2020-09-22,2020-09-28,3,2143.69,2143.69,0,3,0,0,3,0,2143.69,2143.69,1,0,3,0,1,2020-10-05T17:00:34.520+0000,2020,09,22
30976,2020-07-29,2020-09-22,1,-80.9,80.9,0,1,0,0,1,0,-80.9,80.9,3,0,0,0,1,2020-10-05T17:00:34.520+0000,2020,07,29
30976,2020-08-18,2020-09-11,4,-1656.14,1656.14,0,4,0,0,1,0,-750.4,750.4,13,0,1,0,0.25,2020-10-05T17:00:34.520+0000,2020,08,18
30976,2020-09-14,2020-09-28,3,55.06,797.16,0,3,0,0,1,0,71.88,71.88,3,1,2,0,0.3333,2020-10-05T17:00:34.520+0000,2020,09,14
30976,2020-08-20,2020-09-08,2,696.86,696.86,0,2,0,0,2,0,696.86,696.86,0,0,2,0,1,2020-10-05T17:00:34.520+0000,2020,08,20
30976,2020-08-14,2020-09-02,3,-262.04,1144.32,0,3,0,0,1,0,-349.28,349.28,7,0,1,0,0.3333,2020-10-05T17:00:34.520+0000,2020,08,14
30976,2020-08-28,2020-09-10,2,-87.57,318.45,0,2,0,0,0,0,0,0,1,0,1,0,0,2020-10-05T17:00:34.520+0000,2020,08,28
30976,2020-09-05,2020-09-28,1,469.01,469.01,0,1,0,0,1,0,469.01,469.01,15,1,0,0,1,2020-10-05T17:00:34.520+0000,2020,09,05
30976,2020-09-04,null,1,-87.9,87.9,1,0,1,1,0,0,0,0,0,0,0,0,0,2020-10-05T17:00:34.520+0000,2020,09,04
30976,2020-09-06,2020-09-16,1,246.4,246.4,0,1,0,0,0,0,0,0,0,0,1,0,0,2020-10-05T17:00:34.520+0000,2020,09,06
30976,2020-08-23,2020-09-04,1,485.65,485.65,0,1,0,0,0,0,0,0,1,0,1,0,0,2020-10-05T17:00:34.520+0000,2020,08,23
30976,2020-08-20,2020-08-26,2,180.54,336.54,0,2,0,0,2,0,180.54,336.54,6,0,2,0,1,2020-10-05T17:00:34.520+0000,2020,08,20
30976,2020-08-28,2020-09-18,5,-152.67,930.67,0,5,0,0,1,0,270.53,270.53,7,0,1,1,0.2,2020-10-05T17:00:34.520+0000,2020,08,28
30976,2020-09-10,2020-09-23,7,1979.34,2528.36,0,7,0,0,6,0,2253.85,2253.85,15,0,6,0,0.8571,2020-10-05T17:00:34.520+0000,2020,09,10
30976,2020-08-01,2020-09-09,1,160.46,160.46,0,1,0,0,1,0,160.46,160.46,5,0,1,0,1,2020-10-05T17:00:34.520+0000,2020,08,01
30976,2020-08-10,2020-09-03,1,-1987.88,1987.88,0,1,0,0,1,0,-1987.88,1987.88,5,1,0,0,1,2020-10-05T17:00:34.520+0000,2020,08,10
30976,2020-09-21,2020-09-26,3,392.2,1658.38,0,3,0,0,3,0,392.2,1658.38,1,1,1,0,1,2020-10-05T17:00:34.520+0000,2020,09,21
30976,2020-09-05,2020-09-21,1,-188.81,188.81,0,1,0,0,0,0,0,0,3,0,0,0,0,2020-10-05T17:00:34.520+0000,2020,09,05
30976,2020-09-05,2020-09-05,24,7867.16,8458.5,0,24,0,0,7,0,2243.31,2834.65,0,1,0,0,0.2917,2020-10-05T17:00:34.520+0000,2020,09,05
30976,2020-09-07,2020-09-15,3,1747.46,1747.46,0,3,0,0,0,0,0,0,2,0,3,0,0,2020-10-05T17:00:34.520+0000,2020,09,07
30976,2020-08-26,2020-09-23,1,505.9,505.9,0,1,0,0,1,0,505.9,505.9,5,1,0,0,1,2020-10-05T17:00:34.520+0000,2020,08,26
30976,2020-09-03,2020-09-14,1,52.92,52.92,0,1,0,0,0,0,0,0,0,0,1,0,0,2020-10-05T17:00:34.520+0000,2020,09,03
30976,2020-08-28,2020-09-17,3,-1130.85,1130.85,0,3,0,0,2,0,-975.88,975.88,7,0,0,0,0.6667,2020-10-05T17:00:34.520+0000,2020,08,28
30976,2020-09-16,2020-09-27,2,-1043.33,1043.33,0,2,0,0,2,0,-1043.33,1043.33,2,0,0,0,1,2020-10-05T17:00:34.520+0000,2020,09,16
30976,2020-09-09,2020-09-11,3,972.87,1289.11,0,3,0,0,3,0,972.87,1289.11,0,0,0,1,1,2020-10-05T17:00:34.520+0000,2020,09,09
30976,2020-08-18,2020-09-08,4,-561.33,802.87,0,4,0,0,3,0,-290.43,531.97,14,0,1,0,0.75,2020-10-05T17:00:34.520+0000,2020,08,18
30976,2020-08-27,2020-09-25,2,399.77,599.25,0,2,0,0,2,0,399.77,599.25,3,1,1,0,1,2020-10-05T17:00:34.520+0000,2020,08,27
30976,2020-09-01,2020-09-16,9,1854.3,2400.2,0,9,0,0,8,0,1372.3,1918.2,2,0,8,0,0.8889,2020-10-05T17:00:34.520+0000,2020,09,01
30976,2020-06-18,2020-07-15,1,532.7,532.7,0,1,0,0,0,0,0,0,1,0,1,0,0,2020-10-05T17:00:34.520+0000,2020,06,18
30976,2020-08-12,2020-09-22,2,279.5,393.14,0,2,0,0,1,0,-56.82,56.82,6,0,0,0,0.5,2020-10-05T17:00:34.520+0000,2020,08,12
30976,2020-08-24,2020-09-24,1,567.15,567.15,0,1,0,0,0,0,0,0,1,0,1,0,0,2020-10-05T17:00:34.520+0000,2020,08,24
30976,2020-09-24,2020-09-26,5,48.47,1057.47,0,5,0,0,2,0,192.63,583.95,0,1,0,2,0.4,2020-10-05T17:00:34.520+0000,2020,09,24
30976,2020-09-14,2020-09-15,4,2175.3,2346.22,0,4,0,0,4,0,2175.3,2346.22,0,1,0,1,1,2020-10-05T17:00:34.520+0000,2020,09,14
30976,2020-08-31,2020-09-15,10,1686.6,3710.76,0,10,0,0,8,0,2109.67,2615.79,19,1,7,0,0.8,2020-10-05T17:00:34.520+0000,2020,08,31
30976,2020-07-06,2020-09-10,1,-75.31,75.31,0,1,0,0,1,0,-75.31,75.31,1,1,0,0,1,2020-10-05T17:00:34.520+0000,2020,07,06
30976,2020-09-01,null,1,311,311,1,0,1,0,0,0,0,0,1,0,0,0,0,2020-10-05T17:00:34.520+0000,2020,09,01
30976,2020-09-03,2020-09-15,12,1511.45,6526.13,0,12,0,0,10,0,2246.5,5189.98,21,0,9,0,0.8333,2020-10-05T17:00:34.520+0000,2020,09,03
30976,2020-07-28,2020-07-28,2,1274.96,1274.96,0,2,0,0,2,0,1274.96,1274.96,1,1,0,0,1,2020-10-05T17:00:34.520+0000,2020,07,28
30976,2020-09-01,2020-09-09,5,42.51,2175.25,0,5,0,0,1,0,569.59,569.59,2,0,0,3,0.2,2020-10-05T17:00:34.520+0000,2020,09,01
30976,2020-08-31,2020-09-26,1,-1105.62,1105.62,0,1,0,0,0,0,0,0,1,0,0,0,0,2020-10-05T17:00:34.520+0000,2020,08,31
30976,2020-08-24,2020-09-12,5,-4398.37,5202.77,0,5,0,0,5,0,-4398.37,5202.77,2,0,4,0,1,2020-10-05T17:00:34.520+0000,2020,08,24
30976,2020-07-31,2020-09-16,1,111.14,111.14,0,1,0,0,1,0,111.14,111.14,7,0,1,0,1,2020-10-05T17:00:34.520+0000,2020,07,31
30976,2020-08-25,2020-09-28,1,-262.31,262.31,0,1,0,0,1,0,-262.31,262.31,3,0,0,0,1,2020-10-05T17:00:34.520+0000,2020,08,25
30976,2020-08-28,2020-09-12,1,-101.97,101.97,0,1,0,0,1,0,-101.97,101.97,1,1,0,0,1,2020-10-05T17:00:34.520+0000,2020,08,28
30976,2020-08-27,2020-09-03,4,992.78,1322.78,0,4,0,0,2,0,-32.94,297.06,5,0,2,1,0.5,2020-10-05T17:00:34.520+0000,2020,08,27
30976,2020-07-20,2020-09-25,1,217.84,217.84,0,1,0,0,0,0,0,0,0,1,0,0,0,2020-10-05T17:00:34.520+0000,2020,07,20
30976,2020-08-22,2020-09-29,1,-2029.2,2029.2,0,1,0,0,1,0,-2029.2,2029.2,5,0,0,0,1,2020-10-05T17:00:34.520+0000,2020,08,22
30976,2020-09-20,2020-09-27,1,84.4,84.4,0,1,0,0,1,0,84.4,84.4,0,0,1,0,1,2020-10-05T17:00:34.520+0000,2020,09,20
30976,2020-08-19,2020-09-04,1,-145.9,145.9,0,1,0,0,1,0,-145.9,145.9,1,0,0,0,1,2020-10-05T17:00:34.520+0000,2020,08,19
30976,2020-08-13,2020-09-22,1,475.36,475.36,0,1,0,0,1,0,475.36,475.36,2,0,1,0,1,2020-10-05T17:00:34.520+0000,2020,08,13
30976,2020-08-20,2020-09-05,2,109.62,704.08,0,2,0,0,1,0,-297.23,297.23,3,0,1,0,0.5,2020-10-05T17:00:34.520+0000,2020,08,20
30976,2020-09-03,2020-09-08,2,-630.61,1824.75,0,2,0,0,2,0,-630.61,1824.75,0,0,1,0,1,2020-10-05T17:00:34.520+0000,2020,09,03
30976,2020-08-21,2020-09-02,2,-735.18,735.18,0,2,0,0,0,0,0,0,0,0,0,0,0,2020-10-05T17:00:34.520+0000,2020,08,21
30976,2020-08-20,2020-09-13,1,-540.13,540.13,0,1,0,0,0,0,0,0,0,1,0,0,0,2020-10-05T17:00:34.520+0000,2020,08,20
30976,2020-07-27,2020-09-10,1,-105.32,105.32,0,1,0,0,1,0,-105.32,105.32,2,0,0,0,1,2020-10-05T17:00:34.520+0000,2020,07,27
30976,2020-09-09,2020-09-29,3,-352.27,926.69,0,3,0,0,3,0,-352.27,926.69,7,0,1,0,1,2020-10-05T17:00:34.520+0000,2020,09,09
30976,2020-09-26,2020-09-28,1,-46.75,46.75,0,1,0,0,0,0,0,0,0,0,0,0,0,2020-10-05T17:00:34.520+0000,2020,09,26
30976,2020-09-14,2020-09-23,5,-809.16,1327.88,0,5,0,0,2,0,259.36,259.36,2,1,1,0,0.4,2020-10-05T17:00:34.520+0000,2020,09,14
30976,2020-09-24,2020-09-30,12,1527.24,6197.82,0,12,0,0,8,0,2079.94,2256.52,6,0,9,0,0.6667,2020-10-05T17:00:34.520+0000,2020,09,24
30976,2020-09-21,2020-09-28,5,917.33,1093.91,0,5,0,0,4,0,655.83,832.41,2,0,4,0,0.8,2020-10-05T17:00:34.520+0000,2020,09,21
30976,2020-08-11,2020-09-11,1,-130.87,130.87,0,1,0,0,1,0,-130.87,130.87,0,0,0,0,1,2020-10-05T17:00:34.520+0000,2020,08,11
30976,2020-08-17,2020-09-11,3,-98.42,314.8,0,3,0,0,2,0,-21.71,238.09,4,0,1,0,0.6667,2020-10-05T17:00:34.520+0000,2020,08,17
30976,2020-08-03,2020-08-04,1,-241.84,241.84,0,1,0,0,1,0,-241.84,241.84,3,0,1,0,1,2020-10-05T17:00:34.520+0000,2020,08,03
30976,2020-09-13,2020-09-13,6,2329.3,2329.3,0,6,0,0,0,0,0,0,0,0,0,0,0,2020-10-05T17:00:34.520+0000,2020,09,13
30976,2020-08-17,2020-09-25,1,-1809.44,1809.44,0,1,0,0,0,0,0,0,0,0,0,0,0,2020-10-05T17:00:34.520+0000,2020,08,17
30976,2020-08-20,2020-09-15,1,286.9,286.9,0,1,0,0,0,0,0,0,3,0,1,0,0,2020-10-05T17:00:34.520+0000,2020,08,20
30976,2020-08-24,null,1,-4800.57,4800.57,1,0,1,0,1,1,-4800.57,4800.57,6,0,0,0,1,2020-10-05T17:00:34.520+0000,2020,08,24
30976,2020-09-17,2020-09-23,7,2331.61,3128.45,0,7,0,0,7,0,2331.61,3128.45,2,0,5,1,1,2020-10-05T17:00:34.520+0000,2020,09,17
30976,2020-08-20,2020-08-20,2,1195.5,1195.5,0,2,0,0,1,0,826.38,826.38,2,0,0,0,0.5,2020-10-05T17:00:34.520+0000,2020,08,20
30976,2020-07-23,2020-08-19,1,-815.45,815.45,0,1,0,0,0,0,0,0,5,0,1,0,0,2020-10-05T17:00:34.520+0000,2020,07,23
30976,2020-08-27,2020-09-26,1,-78,78,0,1,0,0,1,0,-78,78,0,0,0,0,1,2020-10-05T17:00:34.520+0000,2020,08,27
30976,2020-08-20,2020-09-29,1,182.86,182.86,0,1,0,0,1,0,182.86,182.86,4,1,0,0,1,2020-10-05T17:00:34.520+0000,2020,08,20
30976,2020-07-18,2020-09-18,1,-93.61,93.61,0,1,0,0,1,0,-93.61,93.61,9,1,0,0,1,2020-10-05T17:00:34.520+0000,2020,07,18
30976,2020-07-23,2020-09-29,2,-330.59,558.49,0,2,0,0,2,0,-330.59,558.49,4,0,0,0,1,2020-10-05T17:00:34.520+0000,2020,07,23
30976,2020-08-07,2020-09-03,1,246.77,246.77,0,1,0,0,1,0,246.77,246.77,4,0,0,1,1,2020-10-05T17:00:34.520+0000,2020,08,07
30976,2020-09-15,2020-09-21,1,342.31,342.31,0,1,0,0,1,0,342.31,342.31,0,0,0,1,1,2020-10-05T17:00:34.520+0000,2020,09,15
30976,2020-08-19,2020-08-26,2,387.46,387.46,0,2,0,0,2,0,387.46,387.46,3,0,2,0,1,2020-10-05T17:00:34.520+0000,2020,08,19
30976,2020-09-07,2020-09-07,16,4106.54,4939.72,0,16,0,0,1,0,86.32,86.32,1,0,0,0,0.0625,2020-10-05T17:00:34.520+0000,2020,09,07
30976,2020-08-24,2020-09-18,2,279.12,279.12,0,2,0,0,1,0,184.79,184.79,6,0,1,0,0.5,2020-10-05T17:00:34.520+0000,2020,08,24
30976,2020-07-29,null,1,598.44,598.44,1,0,1,0,1,1,598.44,598.44,7,0,0,1,1,2020-10-05T17:00:34.520+0000,2020,07,29
30976,2020-07-30,2020-09-24,1,169.8,169.8,0,1,0,0,1,0,169.8,169.8,6,1,0,0,1,2020-10-05T17:00:34.520+0000,2020,07,30
30976,2020-08-02,2020-09-14,1,-1856.63,1856.63,0,1,0,0,1,0,-1856.63,1856.63,4,0,0,0,1,2020-10-05T17:00:34.520+0000,2020,08,02
30976,2020-08-14,2020-09-04,4,293.23,1774.13,0,4,0,0,0,0,0,0,5,0,2,0,0,2020-10-05T17:00:34.520+0000,2020,08,14
30976,2020-08-29,null,1,221.1,221.1,1,0,1,1,0,0,0,0,0,0,0,0,0,2020-10-05T17:00:34.520+0000,2020,08,29
30976,2020-08-11,2020-08-31,1,807.93,807.93,0,1,0,0,1,0,807.93,807.93,0,0,1,0,1,2020-10-05T17:00:34.520+0000,2020,08,11
30976,2020-08-16,2020-09-02,2,585.74,585.74,0,2,0,0,0,0,0,0,2,0,2,0,0,2020-10-05T17:00:34.520+0000,2020,08,16
30976,2020-09-10,2020-09-28,1,126.5,126.5,0,1,0,0,1,0,126.5,126.5,1,0,1,0,1,2020-10-05T17:00:34.520+0000,2020,09,10
30976,2020-08-26,2020-09-01,1,-56.24,56.24,0,1,0,0,0,0,0,0,0,0,0,0,0,2020-10-05T17:00:34.520+0000,2020,08,26
30976,2020-08-19,2020-09-02,2,-690.65,690.65,0,2,0,0,0,0,0,0,4,0,0,0,0,2020-10-05T17:00:34.520+0000,2020,08,19
30976,2020-09-13,2020-09-15,1,483.4,483.4,0,1,0,0,1,0,483.4,483.4,1,0,0,1,1,2020-10-05T17:00:34.520+0000,2020,09,13
30976,2020-08-19,2020-09-22,1,-295.9,295.9,0,1,0,0,0,0,0,0,0,0,0,0,0,2020-10-05T17:00:34.520+0000,2020,08,19
30976,2020-09-02,2020-09-13,1,-68.12,68.12,0,1,0,0,0,0,0,0,0,0,0,0,0,2020-10-05T17:00:34.520+0000,2020,09,02
30976,2020-07-08,2020-07-29,1,77.03,77.03,0,1,0,0,1,0,77.03,77.03,2,0,1,0,1,2020-10-05T17:00:34.520+0000,2020,07,08
30976,2020-09-01,2020-09-12,1,-88.76,88.76,0,1,0,0,0,0,0,0,3,0,1,0,0,2020-10-05T17:00:34.520+0000,2020,09,01
30976,2020-08-24,2020-09-02,1,-1559.98,1559.98,0,1,0,0,1,0,-1559.98,1559.98,2,0,0,0,1,2020-10-05T17:00:34.520+0000,2020,08,24
30976,2020-08-02,2020-09-16,1,711.9,711.9,0,1,0,0,1,0,711.9,711.9,1,0,0,0,1,2020-10-05T17:00:34.520+0000,2020,08,02
30976,2020-09-05,2020-09-17,2,1687.94,1687.94,0,2,0,0,0,0,0,0,3,0,2,0,0,2020-10-05T17:00:34.520+0000,2020,09,05
30976,2020-08-28,2020-09-22,3,-1247.23,1247.23,0,3,0,0,2,0,-569.54,569.54,7,2,0,0,0.6667,2020-10-05T17:00:34.520+0000,2020,08,28
30976,2020-08-17,2020-08-24,1,261.1,261.1,0,1,0,0,1,0,261.1,261.1,1,0,1,0,1,2020-10-05T17:00:34.520+0000,2020,08,17
30976,2020-08-10,2020-09-25,1,-1012.91,1012.91,0,1,0,0,1,0,-1012.91,1012.91,0,0,0,0,1,2020-10-05T17:00:34.520+0000,2020,08,10
30976,2020-08-07,2020-09-05,1,-267.65,267.65,0,1,0,0,1,0,-267.65,267.65,5,0,0,0,1,2020-10-05T17:00:34.520+0000,2020,08,07
30976,2020-08-31,2020-09-19,1,158.37,158.37,0,1,0,0,1,0,158.37,158.37,0,0,1,0,1,2020-10-05T17:00:34.520+0000,2020,08,31
30976,2020-09-19,2020-09-25,5,1209.84,1720.96,0,5,0,0,5,0,1209.84,1720.96,4,0,4,0,1,2020-10-05T17:00:34.520+0000,2020,09,19
30976,2020-09-11,2020-09-21,6,130.36,2977.8,0,6,0,0,2,0,1277.24,1277.24,2,1,2,1,0.3333,2020-10-05T17:00:34.520+0000,2020,09,11
30976,2020-09-28,null,21,10502.81,10502.81,21,0,21,19,10,10,5616.81,5616.81,5,0,0,21,0.4762,2020-10-05T17:00:34.520+0000,2020,09,28
30976,2020-09-02,2020-09-11,1,542.28,542.28,0,1,0,0,0,0,0,0,1,0,0,0,0,2020-10-05T17:00:34.520+0000,2020,09,02
30976,2020-09-02,2020-09-15,5,-909.92,1746.82,0,5,0,0,1,0,170.54,170.54,2,1,2,0,0.2,2020-10-05T17:00:34.520+0000,2020,09,02
30976,2020-08-06,2020-09-02,2,399.02,399.02,0,2,0,0,2,0,399.02,399.02,8,0,2,0,1,2020-10-05T17:00:34.520+0000,2020,08,06
30976,2020-07-18,2020-09-25,1,-85.44,85.44,0,1,0,0,1,0,-85.44,85.44,6,1,0,0,1,2020-10-05T17:00:34.520+0000,2020,07,18
30976,2020-07-14,2020-09-24,1,-85.27,85.27,0,1,0,0,1,0,-85.27,85.27,2,1,0,0,1,2020-10-05T17:00:34.520+0000,2020,07,14
30976,2020-08-18,2020-09-28,2,-516.04,1054.06,0,2,0,0,1,0,269.01,269.01,6,1,0,0,0.5,2020-10-05T17:00:34.520+0000,2020,08,18
30976,2020-08-28,2020-09-16,1,-778.6,778.6,0,1,0,0,1,0,-778.6,778.6,2,0,0,0,1,2020-10-05T17:00:34.520+0000,2020,08,28
30976,2020-09-12,2020-09-18,3,817.28,1038.74,0,3,0,0,1,0,515.15,515.15,0,0,1,1,0.3333,2020-10-05T17:00:34.520+0000,2020,09,12
30976,2020-08-31,2020-09-17,4,388.89,1140.35,0,4,0,0,2,0,16.88,329.76,5,1,2,0,0.5,2020-10-05T17:00:34.520+0000,2020,08,31
30976,2020-09-01,2020-09-03,9,2602.22,2666.4,0,9,0,0,7,0,1580.16,1644.34,3,0,4,1,0.7778,2020-10-05T17:00:34.520+0000,2020,09,01
30976,2020-08-08,2020-09-05,1,-302.28,302.28,0,1,0,0,0,0,0,0,2,0,0,0,0,2020-10-05T17:00:34.520+0000,2020,08,08
30976,2020-09-06,2020-09-11,1,296.11,296.11,0,1,0,0,0,0,0,0,0,0,0,0,0,2020-10-05T17:00:34.520+0000,2020,09,06
30976,2020-09-12,2020-09-28,1,121.03,121.03,0,1,0,0,0,0,0,0,0,0,1,0,0,2020-10-05T17:00:34.520+0000,2020,09,12
30976,2020-08-18,2020-09-03,1,160.6,160.6,0,1,0,0,1,0,160.6,160.6,1,0,1,0,1,2020-10-05T17:00:34.520+0000,2020,08,18
30976,2020-09-09,2020-09-16,1,-107.94,107.94,0,1,0,0,1,0,-107.94,107.94,2,0,0,0,1,2020-10-05T17:00:34.520+0000,2020,09,09
30976,2020-08-26,2020-09-19,2,111.44,321.84,0,2,0,0,1,0,-105.2,105.2,4,2,0,0,0.5,2020-10-05T17:00:34.520+0000,2020,08,26
30976,2020-08-15,2020-08-17,1,211.98,211.98,0,1,0,0,1,0,211.98,211.98,1,0,0,1,1,2020-10-05T17:00:34.520+0000,2020,08,15
30976,2020-08-10,2020-09-04,1,-342.92,342.92,0,1,0,0,0,0,0,0,1,0,0,0,0,2020-10-05T17:00:34.520+0000,2020,08,10
30976,2020-09-14,2020-09-29,4,427.59,2451.43,0,4,0,0,4,0,427.59,2451.43,3,0,2,0,1,2020-10-05T17:00:34.520+0000,2020,09,14
30976,2020-08-26,2020-09-17,3,632.03,706.83,0,3,0,0,1,0,172.19,172.19,7,0,3,0,0.3333,2020-10-05T17:00:34.520+0000,2020,08,26
30976,2020-08-26,2020-09-27,1,-265.33,265.33,0,1,0,0,0,0,0,0,2,0,0,0,0,2020-10-05T17:00:34.520+0000,2020,08,26
30976,2020-08-09,2020-09-11,1,-32.09,32.09,0,1,0,0,1,0,-32.09,32.09,3,0,0,0,1,2020-10-05T17:00:34.520+0000,2020,08,09
30976,2020-09-03,2020-09-16,6,-38.35,2294.63,0,6,0,0,6,0,-38.35,2294.63,8,0,1,1,1,2020-10-05T17:00:34.520+0000,2020,09,03
30976,2020-07-22,2020-09-18,1,-156.24,156.24,0,1,0,0,1,0,-156.24,156.24,0,1,0,0,1,2020-10-05T17:00:34.520+0000,2020,07,22
30976,2020-09-05,2020-09-14,2,194.86,513.6,0,2,0,0,2,0,194.86,513.6,2,0,0,1,1,2020-10-05T17:00:34.520+0000,2020,09,05
30976,2020-09-17,2020-09-17,64,27780.9,31838.84,0,64,0,0,9,0,4801.98,7091.04,0,1,0,0,0.1406,2020-10-05T17:00:34.520+0000,2020,09,17
30976,2020-09-23,null,8,739.73,2913.15,8,0,8,6,5,5,1219.82,1219.82,9,0,0,6,0.625,2020-10-05T17:00:34.520+0000,2020,09,23
30976,2020-08-28,2020-09-28,1,1444.87,1444.87,0,1,0,0,0,0,0,0,3,0,1,0,0,2020-10-05T17:00:34.520+0000,2020,08,28
30976,2020-08-14,2020-09-01,1,-353.3,353.3,0,1,0,0,0,0,0,0,0,0,0,0,0,2020-10-05T17:00:34.520+0000,2020,08,14
30976,2020-09-08,2020-09-21,2,941.18,941.18,0,2,0,0,1,0,519.14,519.14,2,0,2,0,0.5,2020-10-05T17:00:34.520+0000,2020,09,08
30976,2020-08-27,2020-09-23,3,-343.05,698.63,0,3,0,0,1,0,177.79,177.79,11,1,0,0,0.3333,2020-10-05T17:00:34.520+0000,2020,08,27
30976,2020-09-25,2020-09-25,48,16510.44,19626.16,0,48,0,0,10,0,3873.83,4381.59,1,1,0,0,0.2083,2020-10-05T17:00:34.520+0000,2020,09,25
30976,2020-08-01,2020-09-18,1,-310.04,310.04,0,1,0,0,1,0,-310.04,310.04,10,1,0,0,1,2020-10-05T17:00:34.520+0000,2020,08,01
30976,2020-09-03,2020-09-17,5,2044.15,2044.15,0,5,0,0,5,0,2044.15,2044.15,7,2,3,0,1,2020-10-05T17:00:34.520+0000,2020,09,03
30976,2020-08-17,2020-09-02,1,-231.68,231.68,0,1,0,0,0,0,0,0,0,0,0,0,0,2020-10-05T17:00:34.520+0000,2020,08,17
30976,2020-07-16,2020-08-11,1,64.46,64.46,0,1,0,0,1,0,64.46,64.46,2,0,1,0,1,2020-10-05T17:00:34.520+0000,2020,07,16
30976,2020-07-28,2020-09-26,1,-142.9,142.9,0,1,0,0,1,0,-142.9,142.9,0,1,0,0,1,2020-10-05T17:00:34.520+0000,2020,07,28
30976,2020-08-26,2020-09-26,1,-282.88,282.88,0,1,0,0,1,0,-282.88,282.88,0,0,0,0,1,2020-10-05T17:00:34.520+0000,2020,08,26
30976,2020-09-08,2020-09-19,3,-840.81,840.81,0,3,0,0,2,0,-618.85,618.85,4,0,0,0,0.6667,2020-10-05T17:00:34.520+0000,2020,09,08
30976,2020-09-11,2020-09-18,3,-367.13,2140.25,0,3,0,0,1,0,-1253.69,1253.69,0,0,1,0,0.3333,2020-10-05T17:00:34.520+0000,2020,09,11
30976,2020-09-30,2020-09-30,58,17235.22,23497.24,0,58,0,0,13,0,6430.19,6430.19,0,0,1,0,0.2241,2020-10-05T17:00:34.520+0000,2020,09,30
30976,2020-09-16,2020-09-26,7,2180.16,3129.96,0,7,0,0,4,0,1208.6,2158.4,4,0,5,0,0.5714,2020-10-05T17:00:34.520+0000,2020,09,16
30976,2020-07-24,2020-09-14,1,96.23,96.23,0,1,0,0,0,0,0,0,1,1,0,0,0,2020-10-05T17:00:34.520+0000,2020,07,24
30976,2020-08-21,2020-09-09,1,-166.75,166.75,0,1,0,0,1,0,-166.75,166.75,1,0,0,0,1,2020-10-05T17:00:34.520+0000,2020,08,21
30976,2020-07-29,2020-09-15,1,144.12,144.12,0,1,0,0,1,0,144.12,144.12,6,0,0,1,1,2020-10-05T17:00:34.520+0000,2020,07,29
30976,2020-07-27,2020-07-27,2,159.88,159.88,0,2,0,0,2,0,159.88,159.88,1,2,0,0,1,2020-10-05T17:00:34.520+0000,2020,07,27
30976,2020-07-17,2020-07-31,1,188.9,188.9,0,1,0,0,1,0,188.9,188.9,0,0,1,0,1,2020-10-05T17:00:34.520+0000,2020,07,17
30976,2020-09-19,2020-09-28,3,2568.54,2568.54,0,3,0,0,1,0,744.94,744.94,1,0,3,0,0.3333,2020-10-05T17:00:34.520+0000,2020,09,19
30976,2020-08-12,2020-09-03,6,2977.1,2977.1,0,6,0,0,3,0,2337.68,2337.68,9,0,6,0,0.5,2020-10-05T17:00:34.520+0000,2020,08,12
30976,2020-09-27,null,1,832.48,832.48,1,0,1,1,0,0,0,0,0,0,0,1,0,2020-10-05T17:00:34.520+0000,2020,09,27
